taskId,index,attempt,partitionId,launchTime,duration,executorId,host,status,taskLocality,speculative,accumulatorUpdates,taskMetrics_executorDeserializeTime,taskMetrics_executorDeserializeCpuTime,taskMetrics_executorRunTime,taskMetrics_executorCpuTime,taskMetrics_resultSize,taskMetrics_jvmGcTime,taskMetrics_resultSerializationTime,taskMetrics_memoryBytesSpilled,taskMetrics_diskBytesSpilled,taskMetrics_peakExecutionMemory,taskMetrics_inputMetrics_bytesRead,taskMetrics_inputMetrics_recordsRead,taskMetrics_outputMetrics_bytesWritten,taskMetrics_outputMetrics_recordsWritten,taskMetrics_shuffleReadMetrics_remoteBlocksFetched,taskMetrics_shuffleReadMetrics_localBlocksFetched,taskMetrics_shuffleReadMetrics_fetchWaitTime,taskMetrics_shuffleReadMetrics_remoteBytesRead,taskMetrics_shuffleReadMetrics_remoteBytesReadToDisk,taskMetrics_shuffleReadMetrics_localBytesRead,taskMetrics_shuffleReadMetrics_recordsRead,taskMetrics_shuffleReadMetrics_remoteReqsDuration,taskMetrics_shuffleReadMetrics_shufflePushReadMetrics_corruptMergedBlockChunks,taskMetrics_shuffleReadMetrics_shufflePushReadMetrics_mergedFetchFallbackCount,taskMetrics_shuffleReadMetrics_shufflePushReadMetrics_remoteMergedBlocksFetched,taskMetrics_shuffleReadMetrics_shufflePushReadMetrics_localMergedBlocksFetched,taskMetrics_shuffleReadMetrics_shufflePushReadMetrics_remoteMergedChunksFetched,taskMetrics_shuffleReadMetrics_shufflePushReadMetrics_localMergedChunksFetched,taskMetrics_shuffleReadMetrics_shufflePushReadMetrics_remoteMergedBytesRead,taskMetrics_shuffleReadMetrics_shufflePushReadMetrics_localMergedBytesRead,taskMetrics_shuffleReadMetrics_shufflePushReadMetrics_remoteMergedReqsDuration,taskMetrics_shuffleWriteMetrics_bytesWritten,taskMetrics_shuffleWriteMetrics_writeTime,taskMetrics_shuffleWriteMetrics_recordsWritten,schedulerDelay,gettingResultTime,stage_uid
0,0,0,0,2024-06-09T16:42:34.620GMT,3715,driver,192.168.0.30,SUCCESS,PROCESS_LOCAL,False,[],1816,232001000,1580,138084000,1836,69,101,0,0,0,0,0,0,0,0,0,0,0,0,0,0,0,0,0,0,0,0,0,0,0,0,0,0,0,218,0,0.0
5,5,0,5,2024-06-09T16:42:34.650GMT,3685,driver,192.168.0.30,SUCCESS,PROCESS_LOCAL,False,[],1820,226615000,1575,139329000,1836,69,99,0,0,0,0,0,0,0,0,0,0,0,0,0,0,0,0,0,0,0,0,0,0,0,0,0,0,0,191,0,0.0
1,1,0,1,2024-06-09T16:42:34.638GMT,3673,driver,192.168.0.30,SUCCESS,PROCESS_LOCAL,False,[],1817,223038000,1581,110143000,1836,69,98,0,0,0,0,0,0,0,0,0,0,0,0,0,0,0,0,0,0,0,0,0,0,0,0,0,0,0,177,0,0.0
6,6,0,6,2024-06-09T16:42:34.651GMT,3660,driver,192.168.0.30,SUCCESS,PROCESS_LOCAL,False,[],1817,252487000,1578,164232000,1836,69,101,0,0,0,0,0,0,0,0,0,0,0,0,0,0,0,0,0,0,0,0,0,0,0,0,0,0,0,164,0,0.0
9,9,0,9,2024-06-09T16:42:34.653GMT,3683,driver,192.168.0.30,SUCCESS,PROCESS_LOCAL,False,[],1816,234844000,1581,208749000,1836,69,98,0,0,0,0,0,0,0,0,0,0,0,0,0,0,0,0,0,0,0,0,0,0,0,0,0,0,0,188,0,0.0
2,2,0,2,2024-06-09T16:42:34.645GMT,3666,driver,192.168.0.30,SUCCESS,PROCESS_LOCAL,False,[],1823,219862000,1573,143421000,1836,69,100,0,0,0,0,0,0,0,0,0,0,0,0,0,0,0,0,0,0,0,0,0,0,0,0,0,0,0,170,0,0.0
7,7,0,7,2024-06-09T16:42:34.653GMT,3681,driver,192.168.0.30,SUCCESS,PROCESS_LOCAL,False,[],1814,223988000,1582,147333000,1836,69,101,0,0,0,0,0,0,0,0,0,0,0,0,0,0,0,0,0,0,0,0,0,0,0,0,0,0,0,184,0,0.0
3,3,0,3,2024-06-09T16:42:34.646GMT,3690,driver,192.168.0.30,SUCCESS,PROCESS_LOCAL,False,[],1819,238918000,1575,117196000,1836,69,99,0,0,0,0,0,0,0,0,0,0,0,0,0,0,0,0,0,0,0,0,0,0,0,0,0,0,0,197,0,0.0
8,8,0,8,2024-06-09T16:42:34.653GMT,3682,driver,192.168.0.30,SUCCESS,PROCESS_LOCAL,False,[],1818,228255000,1577,129319000,1836,69,102,0,0,0,0,0,0,0,0,0,0,0,0,0,0,0,0,0,0,0,0,0,0,0,0,0,0,0,185,0,0.0
4,4,0,4,2024-06-09T16:42:34.649GMT,3659,driver,192.168.0.30,SUCCESS,PROCESS_LOCAL,False,[],1817,227090000,1579,129222000,1836,69,100,0,0,0,0,0,0,0,0,0,0,0,0,0,0,0,0,0,0,0,0,0,0,0,0,0,0,0,163,0,0.0
81,0,0,0,2024-06-09T16:42:42.238GMT,41,driver,192.168.0.30,SUCCESS,NODE_LOCAL,False,[],9,8435000,19,17803000,3995,0,0,0,0,0,0,0,0,0,0,20,0,0,0,1180,20,0,0,0,0,0,0,0,0,0,0,0,0,0,13,0,15.0
69,8,0,8,2024-06-09T16:42:41.960GMT,99,driver,192.168.0.30,SUCCESS,PROCESS_LOCAL,False,[],34,4618000,50,14529000,4898,0,1,0,0,0,40240,1,0,0,0,0,0,0,0,0,0,0,0,0,0,0,0,0,0,0,0,59,5927583,1,14,0,11.0
78,17,0,17,2024-06-09T16:42:42.061GMT,56,driver,192.168.0.30,SUCCESS,PROCESS_LOCAL,False,[],3,1619000,25,3364000,4898,0,6,0,0,0,40240,1,0,0,0,0,0,0,0,0,0,0,0,0,0,0,0,0,0,0,0,59,552583,1,22,0,11.0
61,0,0,0,2024-06-09T16:42:41.957GMT,104,driver,192.168.0.30,SUCCESS,PROCESS_LOCAL,False,[],33,4279000,51,14645000,4898,0,1,0,0,0,40448,2,0,0,0,0,0,0,0,0,0,0,0,0,0,0,0,0,0,0,0,59,4148875,1,19,0,11.0
74,13,0,13,2024-06-09T16:42:42.060GMT,46,driver,192.168.0.30,SUCCESS,PROCESS_LOCAL,False,[],5,1338000,21,3717000,4898,0,4,0,0,0,40240,1,0,0,0,0,0,0,0,0,0,0,0,0,0,0,0,0,0,0,0,59,3437830,1,16,0,11.0
70,9,0,9,2024-06-09T16:42:41.960GMT,101,driver,192.168.0.30,SUCCESS,PROCESS_LOCAL,False,[],45,6039000,42,14000000,4855,0,0,0,0,0,40448,2,0,0,0,0,0,0,0,0,0,0,0,0,0,0,0,0,0,0,0,59,3491749,1,14,0,11.0
65,4,0,4,2024-06-09T16:42:41.959GMT,106,driver,192.168.0.30,SUCCESS,PROCESS_LOCAL,False,[],33,4773000,51,14047000,4898,0,1,0,0,0,40240,1,0,0,0,0,0,0,0,0,0,0,0,0,0,0,0,0,0,0,0,59,5783710,1,21,0,11.0
77,16,0,16,2024-06-09T16:42:42.061GMT,54,driver,192.168.0.30,SUCCESS,PROCESS_LOCAL,False,[],3,1479000,25,3685000,4898,0,1,0,0,0,40240,1,0,0,0,0,0,0,0,0,0,0,0,0,0,0,0,0,0,0,0,59,3102124,1,25,0,11.0
73,12,0,12,2024-06-09T16:42:42.058GMT,50,driver,192.168.0.30,SUCCESS,PROCESS_LOCAL,False,[],3,1558000,23,3823000,4898,0,5,0,0,0,40224,1,0,0,0,0,0,0,0,0,0,0,0,0,0,0,0,0,0,0,0,59,3254627,1,19,0,11.0
64,3,0,3,2024-06-09T16:42:41.958GMT,106,driver,192.168.0.30,SUCCESS,PROCESS_LOCAL,False,[],45,6434000,42,6912000,4855,0,0,0,0,0,40240,1,0,0,0,0,0,0,0,0,0,0,0,0,0,0,0,0,0,0,0,59,8011584,1,19,0,11.0
71,10,0,10,2024-06-09T16:42:42.055GMT,53,driver,192.168.0.30,SUCCESS,PROCESS_LOCAL,False,[],5,1435000,29,3843000,4898,0,4,0,0,0,40448,2,0,0,0,0,0,0,0,0,0,0,0,0,0,0,0,0,0,0,0,59,710040,1,15,0,11.0
76,15,0,15,2024-06-09T16:42:42.060GMT,48,driver,192.168.0.30,SUCCESS,PROCESS_LOCAL,False,[],3,1816000,21,5887000,4898,0,6,0,0,0,40240,1,0,0,0,0,0,0,0,0,0,0,0,0,0,0,0,0,0,0,0,59,3347581,1,18,0,11.0
66,5,0,5,2024-06-09T16:42:41.959GMT,107,driver,192.168.0.30,SUCCESS,PROCESS_LOCAL,False,[],33,4544000,52,12556000,4898,0,1,0,0,0,40240,1,0,0,0,0,0,0,0,0,0,0,0,0,0,0,0,0,0,0,0,59,5665790,1,21,0,11.0
80,19,0,19,2024-06-09T16:42:42.065GMT,53,driver,192.168.0.30,SUCCESS,PROCESS_LOCAL,False,[],0,843000,26,3455000,4855,0,4,0,0,0,40448,2,0,0,0,0,0,0,0,0,0,0,0,0,0,0,0,0,0,0,0,59,1788999,1,23,0,11.0
63,2,0,2,2024-06-09T16:42:41.958GMT,107,driver,192.168.0.30,SUCCESS,PROCESS_LOCAL,False,[],45,6078000,40,12371000,4855,0,0,0,0,0,40224,1,0,0,0,0,0,0,0,0,0,0,0,0,0,0,0,0,0,0,0,59,5848876,1,22,0,11.0
67,6,0,6,2024-06-09T16:42:41.959GMT,101,driver,192.168.0.30,SUCCESS,PROCESS_LOCAL,False,[],46,5004000,42,6215000,4855,0,0,0,0,0,40240,1,0,0,0,0,0,0,0,0,0,0,0,0,0,0,0,0,0,0,0,59,9580375,1,13,0,11.0
72,11,0,11,2024-06-09T16:42:42.057GMT,60,driver,192.168.0.30,SUCCESS,PROCESS_LOCAL,False,[],5,1703000,28,4054000,4898,0,5,0,0,0,40448,2,0,0,0,0,0,0,0,0,0,0,0,0,0,0,0,0,0,0,0,59,1726666,1,22,0,11.0
75,14,0,14,2024-06-09T16:42:42.060GMT,35,driver,192.168.0.30,SUCCESS,PROCESS_LOCAL,False,[],3,1235000,21,5915000,4898,0,1,0,0,0,40240,1,0,0,0,0,0,0,0,0,0,0,0,0,0,0,0,0,0,0,0,59,3080542,1,10,0,11.0
79,18,0,18,2024-06-09T16:42:42.062GMT,56,driver,192.168.0.30,SUCCESS,PROCESS_LOCAL,False,[],0,854000,28,3714000,4855,0,3,0,0,0,40240,1,0,0,0,0,0,0,0,0,0,0,0,0,0,0,0,0,0,0,0,59,3517001,1,25,0,11.0
68,7,0,7,2024-06-09T16:42:41.960GMT,99,driver,192.168.0.30,SUCCESS,PROCESS_LOCAL,False,[],45,4559000,42,8341000,4898,0,1,0,0,0,40240,1,0,0,0,0,0,0,0,0,0,0,0,0,0,0,0,0,0,0,0,59,8229749,1,11,0,11.0
62,1,0,1,2024-06-09T16:42:41.958GMT,101,driver,192.168.0.30,SUCCESS,PROCESS_LOCAL,False,[],32,3920000,54,9542000,4855,0,0,0,0,0,40448,2,0,0,0,0,0,0,0,0,0,0,0,0,0,0,0,0,0,0,0,59,9168959,1,15,0,11.0
56,15,0,15,2024-06-09T16:42:41.709GMT,127,driver,192.168.0.30,SUCCESS,NODE_LOCAL,False,[],43,4601000,45,9687000,4834,0,1,0,0,0,0,0,0,0,0,10,1,0,0,52413,9999,0,0,0,0,0,0,0,0,0,0,0,0,0,38,0,8.0
42,1,0,1,2024-06-09T16:42:41.411GMT,330,driver,192.168.0.30,SUCCESS,NODE_LOCAL,False,[],23,3977000,266,41930000,4834,24,0,0,0,0,0,0,0,0,0,10,0,0,0,52528,10001,0,0,0,0,0,0,0,0,0,0,0,0,0,41,0,8.0
52,11,0,11,2024-06-09T16:42:41.707GMT,129,driver,192.168.0.30,SUCCESS,NODE_LOCAL,False,[],10,2406000,108,16061000,4791,0,0,0,0,0,0,0,0,0,0,10,0,0,0,52528,10001,0,0,0,0,0,0,0,0,0,0,0,0,0,11,0,8.0
46,5,0,5,2024-06-09T16:42:41.413GMT,302,driver,192.168.0.30,SUCCESS,NODE_LOCAL,False,[],49,7169000,210,35465000,4877,24,4,0,0,0,0,0,0,0,0,10,0,0,0,52413,9999,0,0,0,0,0,0,0,0,0,0,0,0,0,39,0,8.0
57,16,0,16,2024-06-09T16:42:41.724GMT,109,driver,192.168.0.30,SUCCESS,NODE_LOCAL,False,[],25,1940000,49,10954000,4834,0,1,0,0,0,0,0,0,0,0,10,0,0,0,52458,10000,0,0,0,0,0,0,0,0,0,0,0,0,0,34,0,8.0
60,19,0,19,2024-06-09T16:42:41.748GMT,88,driver,192.168.0.30,SUCCESS,NODE_LOCAL,False,[],14,1930000,62,12871000,4834,0,1,0,0,0,0,0,0,0,0,10,0,0,0,52416,10001,0,0,0,0,0,0,0,0,0,0,0,0,0,11,0,8.0
53,12,0,12,2024-06-09T16:42:41.708GMT,128,driver,192.168.0.30,SUCCESS,NODE_LOCAL,False,[],8,2020000,92,12149000,4834,0,1,0,0,0,0,0,0,0,0,10,0,0,0,52188,10000,0,0,0,0,0,0,0,0,0,0,0,0,0,27,0,8.0
41,0,0,0,2024-06-09T16:42:41.408GMT,346,driver,192.168.0.30,SUCCESS,NODE_LOCAL,False,[],28,4156000,261,40363000,4834,24,0,0,0,0,0,0,0,0,0,10,0,0,0,52499,10001,0,0,0,0,0,0,0,0,0,0,0,0,0,57,0,8.0
45,4,0,4,2024-06-09T16:42:41.413GMT,301,driver,192.168.0.30,SUCCESS,NODE_LOCAL,False,[],48,5032000,212,37047000,4877,24,4,0,0,0,0,0,0,0,0,10,0,0,0,51979,10000,0,0,0,0,0,0,0,0,0,0,0,0,0,37,0,8.0
44,3,0,3,2024-06-09T16:42:41.413GMT,302,driver,192.168.0.30,SUCCESS,NODE_LOCAL,False,[],16,4036000,243,43297000,4877,24,4,0,0,0,0,0,0,0,0,10,0,0,0,52458,10000,0,0,0,0,0,0,0,0,0,0,0,0,0,39,0,8.0
59,18,0,18,2024-06-09T16:42:41.742GMT,91,driver,192.168.0.30,SUCCESS,NODE_LOCAL,False,[],16,2571000,48,9826000,4834,0,1,0,0,0,0,0,0,0,0,10,0,0,0,52485,9999,0,0,0,0,0,0,0,0,0,0,0,0,0,26,0,8.0
54,13,0,13,2024-06-09T16:42:41.709GMT,127,driver,192.168.0.30,SUCCESS,NODE_LOCAL,False,[],8,1670000,91,12196000,4834,0,1,0,0,0,0,0,0,0,0,10,1,0,0,52458,10000,0,0,0,0,0,0,0,0,0,0,0,0,0,27,0,8.0
49,8,0,8,2024-06-09T16:42:41.414GMT,301,driver,192.168.0.30,SUCCESS,NODE_LOCAL,False,[],15,3068000,244,41030000,4877,24,4,0,0,0,0,0,0,0,0,10,0,0,0,52485,9999,0,0,0,0,0,0,0,0,0,0,0,0,0,38,0,8.0
48,7,0,7,2024-06-09T16:42:41.414GMT,305,driver,192.168.0.30,SUCCESS,NODE_LOCAL,False,[],28,4737000,231,39415000,4877,24,4,0,0,0,0,0,0,0,0,10,0,0,0,52460,9999,0,0,0,0,0,0,0,0,0,0,0,0,0,42,0,8.0
50,9,0,9,2024-06-09T16:42:41.414GMT,340,driver,192.168.0.30,SUCCESS,NODE_LOCAL,False,[],16,2355000,272,44687000,4834,24,0,0,0,0,0,0,0,0,0,10,0,0,0,52416,10001,0,0,0,0,0,0,0,0,0,0,0,0,0,52,0,8.0
43,2,0,2,2024-06-09T16:42:41.413GMT,319,driver,192.168.0.30,SUCCESS,NODE_LOCAL,False,[],15,3540000,244,40911000,4877,24,5,0,0,0,0,0,0,0,0,10,0,0,0,52188,10000,0,0,0,0,0,0,0,0,0,0,0,0,0,55,0,8.0
55,14,0,14,2024-06-09T16:42:41.709GMT,124,driver,192.168.0.30,SUCCESS,NODE_LOCAL,False,[],8,2106000,91,12881000,4834,0,1,0,0,0,0,0,0,0,0,10,0,0,0,51979,10000,0,0,0,0,0,0,0,0,0,0,0,0,0,24,0,8.0
58,17,0,17,2024-06-09T16:42:41.738GMT,95,driver,192.168.0.30,SUCCESS,NODE_LOCAL,False,[],21,3553000,48,11968000,4834,0,1,0,0,0,0,0,0,0,0,10,0,0,0,52460,9999,0,0,0,0,0,0,0,0,0,0,0,0,0,25,0,8.0
51,10,0,10,2024-06-09T16:42:41.698GMT,138,driver,192.168.0.30,SUCCESS,NODE_LOCAL,False,[],11,2710000,107,13675000,4791,0,0,0,0,0,0,0,0,0,0,10,0,0,0,52499,10001,0,0,0,0,0,0,0,0,0,0,0,0,0,20,0,8.0
47,6,0,6,2024-06-09T16:42:41.413GMT,327,driver,192.168.0.30,SUCCESS,NODE_LOCAL,False,[],15,3138000,244,40168000,4877,24,4,0,0,0,0,0,0,0,0,10,1,0,0,52458,10000,0,0,0,0,0,0,0,0,0,0,0,0,0,64,0,8.0
37,6,0,6,2024-06-09T16:42:41.033GMT,227,driver,192.168.0.30,SUCCESS,PROCESS_LOCAL,False,[],59,7376000,113,27524000,2372,0,14,0,0,0,10696,2,0,0,0,0,0,0,0,0,0,0,0,0,0,0,0,0,0,0,0,53167,28536709,10240,41,0,5.0
38,7,0,7,2024-06-09T16:42:41.038GMT,227,driver,192.168.0.30,SUCCESS,PROCESS_LOCAL,False,[],41,5960000,130,36826000,2372,0,15,0,0,0,10696,2,0,0,0,0,0,0,0,0,0,0,0,0,0,0,0,0,0,0,0,51746,29353205,10240,41,0,5.0
33,2,0,2,2024-06-09T16:42:40.993GMT,268,driver,192.168.0.30,SUCCESS,PROCESS_LOCAL,False,[],79,11401000,130,42722000,2372,0,15,0,0,0,10696,2,0,0,0,0,0,0,0,0,0,0,0,0,0,0,0,0,0,0,0,54621,29738797,10240,44,0,5.0
32,1,0,1,2024-06-09T16:42:40.977GMT,284,driver,192.168.0.30,SUCCESS,PROCESS_LOCAL,False,[],3,1489000,216,45452000,2372,0,15,0,0,0,10696,2,0,0,0,0,0,0,0,0,0,0,0,0,0,0,0,0,0,0,0,54553,19063584,10240,50,0,5.0
34,3,0,3,2024-06-09T16:42:41.003GMT,263,driver,192.168.0.30,SUCCESS,PROCESS_LOCAL,False,[],65,7307000,130,39131000,2372,0,14,0,0,0,10696,2,0,0,0,0,0,0,0,0,0,0,0,0,0,0,0,0,0,0,0,54346,30659421,10240,54,0,5.0
39,8,0,8,2024-06-09T16:42:41.040GMT,225,driver,192.168.0.30,SUCCESS,PROCESS_LOCAL,False,[],40,5476000,129,39232000,2372,0,14,0,0,0,10696,2,0,0,0,0,0,0,0,0,0,0,0,0,0,0,0,0,0,0,0,51740,31747791,10240,42,0,5.0
35,4,0,4,2024-06-09T16:42:41.018GMT,249,driver,192.168.0.30,SUCCESS,PROCESS_LOCAL,False,[],72,7048000,116,39086000,2372,0,15,0,0,0,10696,2,0,0,0,0,0,0,0,0,0,0,0,0,0,0,0,0,0,0,0,54382,29394584,10240,46,0,5.0
31,0,0,0,2024-06-09T16:42:40.965GMT,296,driver,192.168.0.30,SUCCESS,PROCESS_LOCAL,False,[],16,6193000,226,46392000,2372,0,6,0,0,0,9448,1,0,0,0,0,0,0,0,0,0,0,0,0,0,0,0,0,0,0,0,50166,31025824,9216,48,0,5.0
40,9,0,9,2024-06-09T16:42:41.041GMT,225,driver,192.168.0.30,SUCCESS,PROCESS_LOCAL,False,[],37,4129000,130,32846000,2372,0,14,0,0,0,10136,1,0,0,0,0,0,0,0,0,0,0,0,0,0,0,0,0,0,0,0,49982,31401043,9888,44,0,5.0
36,5,0,5,2024-06-09T16:42:41.021GMT,245,driver,192.168.0.30,SUCCESS,PROCESS_LOCAL,False,[],51,6585000,131,38580000,2372,0,14,0,0,0,9464,1,0,0,0,0,0,0,0,0,0,0,0,0,0,0,0,0,0,0,0,49181,25218041,9216,49,0,5.0
24,3,0,3,2024-06-09T16:42:40.269GMT,770,driver,192.168.0.30,SUCCESS,PROCESS_LOCAL,False,[],46,5322000,626,251352000,2372,0,2,0,0,0,10696,2,0,0,0,0,0,0,0,0,0,0,0,0,0,0,0,0,0,0,0,54346,40369092,10240,96,0,4.0
25,4,0,4,2024-06-09T16:42:40.269GMT,766,driver,192.168.0.30,SUCCESS,PROCESS_LOCAL,False,[],50,7574000,621,186626000,2372,0,5,0,0,0,10696,2,0,0,0,0,0,0,0,0,0,0,0,0,0,0,0,0,0,0,0,54382,35705288,10240,90,0,4.0
29,8,0,8,2024-06-09T16:42:40.270GMT,729,driver,192.168.0.30,SUCCESS,PROCESS_LOCAL,False,[],48,4772000,590,170748000,2372,0,8,0,0,0,10696,2,0,0,0,0,0,0,0,0,0,0,0,0,0,0,0,0,0,0,0,51740,19159617,10240,83,0,4.0
28,7,0,7,2024-06-09T16:42:40.270GMT,765,driver,192.168.0.30,SUCCESS,PROCESS_LOCAL,False,[],47,5335000,624,148913000,2372,0,2,0,0,0,10696,2,0,0,0,0,0,0,0,0,0,0,0,0,0,0,0,0,0,0,0,51746,30974626,10240,92,0,4.0
21,0,0,0,2024-06-09T16:42:40.259GMT,746,driver,192.168.0.30,SUCCESS,PROCESS_LOCAL,False,[],41,6589000,630,171498000,2372,0,2,0,0,0,9448,1,0,0,0,0,0,0,0,0,0,0,0,0,0,0,0,0,0,0,0,50166,42119710,9216,73,0,4.0
22,1,0,1,2024-06-09T16:42:40.262GMT,779,driver,192.168.0.30,SUCCESS,PROCESS_LOCAL,False,[],46,7651000,633,140137000,2329,0,0,0,0,0,10696,2,0,0,0,0,0,0,0,0,0,0,0,0,0,0,0,0,0,0,0,54553,38525374,10240,100,0,4.0
27,6,0,6,2024-06-09T16:42:40.269GMT,735,driver,192.168.0.30,SUCCESS,PROCESS_LOCAL,False,[],47,5569000,590,187388000,2372,0,7,0,0,0,10696,2,0,0,0,0,0,0,0,0,0,0,0,0,0,0,0,0,0,0,0,53167,32249293,10240,91,0,4.0
26,5,0,5,2024-06-09T16:42:40.269GMT,766,driver,192.168.0.30,SUCCESS,PROCESS_LOCAL,False,[],41,4509000,630,171007000,2372,0,2,0,0,0,9464,1,0,0,0,0,0,0,0,0,0,0,0,0,0,0,0,0,0,0,0,49181,32727412,9216,93,0,4.0
23,2,0,2,2024-06-09T16:42:40.266GMT,777,driver,192.168.0.30,SUCCESS,PROCESS_LOCAL,False,[],52,6368000,633,185367000,2329,0,0,0,0,0,10696,2,0,0,0,0,0,0,0,0,0,0,0,0,0,0,0,0,0,0,0,54621,39147002,10240,92,0,4.0
30,9,0,9,2024-06-09T16:42:40.270GMT,703,driver,192.168.0.30,SUCCESS,PROCESS_LOCAL,False,[],51,5559000,585,169644000,2372,0,9,0,0,0,10136,1,0,0,0,0,0,0,0,0,0,0,0,0,0,0,0,0,0,0,0,49982,39044290,9888,58,0,4.0
20,0,0,0,2024-06-09T16:42:39.497GMT,179,driver,192.168.0.30,SUCCESS,NODE_LOCAL,False,[],22,20543000,91,80303000,4038,0,13,0,0,0,0,0,0,0,0,10,0,0,0,581,10,0,0,0,0,0,0,0,0,0,0,0,0,0,53,0,3.0
10,0,0,0,2024-06-09T16:42:38.645GMT,587,driver,192.168.0.30,SUCCESS,PROCESS_LOCAL,False,[],208,25723000,279,29723000,2560,0,7,0,0,0,9448,1,0,0,0,0,0,0,0,0,0,0,0,0,0,0,0,0,0,0,0,58,12743916,1,93,0,1.0
14,4,0,4,2024-06-09T16:42:38.650GMT,583,driver,192.168.0.30,SUCCESS,PROCESS_LOCAL,False,[],242,30463000,232,23249000,2560,0,19,0,0,0,10696,2,0,0,0,0,0,0,0,0,0,0,0,0,0,0,0,0,0,0,0,58,12269833,1,90,0,1.0
13,3,0,3,2024-06-09T16:42:38.649GMT,582,driver,192.168.0.30,SUCCESS,PROCESS_LOCAL,False,[],207,28961000,266,61503000,2560,0,19,0,0,0,10696,2,0,0,0,0,0,0,0,0,0,0,0,0,0,0,0,0,0,0,0,58,12914629,1,90,0,1.0
17,7,0,7,2024-06-09T16:42:38.653GMT,549,driver,192.168.0.30,SUCCESS,PROCESS_LOCAL,False,[],220,25298000,265,68003000,2560,0,7,0,0,0,10696,2,0,0,0,0,0,0,0,0,0,0,0,0,0,0,0,0,0,0,0,58,12905459,1,57,0,1.0
12,2,0,2,2024-06-09T16:42:38.649GMT,553,driver,192.168.0.30,SUCCESS,PROCESS_LOCAL,False,[],222,23852000,255,29202000,2560,0,19,0,0,0,10696,2,0,0,0,0,0,0,0,0,0,0,0,0,0,0,0,0,0,0,0,58,13257082,1,57,0,1.0
18,8,0,8,2024-06-09T16:42:38.653GMT,548,driver,192.168.0.30,SUCCESS,PROCESS_LOCAL,False,[],207,25577000,271,28105000,2560,0,17,0,0,0,10696,2,0,0,0,0,0,0,0,0,0,0,0,0,0,0,0,0,0,0,0,58,13281248,1,53,0,1.0
16,6,0,6,2024-06-09T16:42:38.652GMT,581,driver,192.168.0.30,SUCCESS,PROCESS_LOCAL,False,[],242,27161000,237,30030000,2560,0,14,0,0,0,10696,2,0,0,0,0,0,0,0,0,0,0,0,0,0,0,0,0,0,0,0,58,13234296,1,88,0,1.0
11,1,0,1,2024-06-09T16:42:38.649GMT,579,driver,192.168.0.30,SUCCESS,PROCESS_LOCAL,False,[],209,26492000,271,35946000,2560,0,13,0,0,0,10696,2,0,0,0,0,0,0,0,0,0,0,0,0,0,0,0,0,0,0,0,58,13192791,1,86,0,1.0
19,9,0,9,2024-06-09T16:42:38.653GMT,548,driver,192.168.0.30,SUCCESS,PROCESS_LOCAL,False,[],210,28363000,267,30571000,2560,0,19,0,0,0,10136,1,0,0,0,0,0,0,0,0,0,0,0,0,0,0,0,0,0,0,0,59,13486791,1,52,0,1.0
15,5,0,5,2024-06-09T16:42:38.650GMT,578,driver,192.168.0.30,SUCCESS,PROCESS_LOCAL,False,[],221,29072000,256,32220000,2560,0,16,0,0,0,9464,1,0,0,0,0,0,0,0,0,0,0,0,0,0,0,0,0,0,0,0,58,13621791,1,85,0,1.0
163,0,0,0,2024-06-09T16:43:08.192GMT,44,driver,192.168.0.30,SUCCESS,NODE_LOCAL,False,[],10,9610000,20,18838000,3995,0,0,0,0,0,0,0,0,0,0,20,0,0,0,1180,20,0,0,0,0,0,0,0,0,0,0,0,0,0,14,0,31.0
153,10,0,10,2024-06-09T16:43:08.054GMT,36,driver,192.168.0.30,SUCCESS,PROCESS_LOCAL,False,[],9,4164000,15,3132000,4855,0,0,0,0,0,40448,2,0,0,0,0,0,0,0,0,0,0,0,0,0,0,0,0,0,0,0,59,1240375,1,12,0,27.0
157,14,0,14,2024-06-09T16:43:08.066GMT,24,driver,192.168.0.30,SUCCESS,PROCESS_LOCAL,False,[],2,1303000,9,2237000,4898,0,1,0,0,0,40240,1,0,0,0,0,0,0,0,0,0,0,0,0,0,0,0,0,0,0,0,59,2782082,1,12,0,27.0
152,9,0,9,2024-06-09T16:43:07.983GMT,90,driver,192.168.0.30,SUCCESS,PROCESS_LOCAL,False,[],17,2063000,41,10707000,4898,0,5,0,0,0,40448,2,0,0,0,0,0,0,0,0,0,0,0,0,0,0,0,0,0,0,0,59,4869209,1,27,0,27.0
147,4,0,4,2024-06-09T16:43:07.982GMT,86,driver,192.168.0.30,SUCCESS,PROCESS_LOCAL,False,[],17,2760000,33,7817000,4898,0,1,0,0,0,40240,1,0,0,0,0,0,0,0,0,0,0,0,0,0,0,0,0,0,0,0,59,4664292,1,35,0,27.0
160,17,0,17,2024-06-09T16:43:08.069GMT,22,driver,192.168.0.30,SUCCESS,PROCESS_LOCAL,False,[],0,708000,11,2715000,4812,0,0,0,0,0,40240,1,0,0,0,0,0,0,0,0,0,0,0,0,0,0,0,0,0,0,0,59,4123585,1,11,0,27.0
156,13,0,13,2024-06-09T16:43:08.065GMT,26,driver,192.168.0.30,SUCCESS,PROCESS_LOCAL,False,[],1,895000,13,3276000,4855,0,0,0,0,0,40240,1,0,0,0,0,0,0,0,0,0,0,0,0,0,0,0,0,0,0,0,59,3728168,1,12,0,27.0
148,5,0,5,2024-06-09T16:43:07.982GMT,88,driver,192.168.0.30,SUCCESS,PROCESS_LOCAL,False,[],18,2291000,40,8322000,4898,0,4,0,0,0,40240,1,0,0,0,0,0,0,0,0,0,0,0,0,0,0,0,0,0,0,0,59,2190500,1,26,0,27.0
161,18,0,18,2024-06-09T16:43:08.070GMT,21,driver,192.168.0.30,SUCCESS,PROCESS_LOCAL,False,[],2,959000,9,3178000,4855,0,0,0,0,0,40240,1,0,0,0,0,0,0,0,0,0,0,0,0,0,0,0,0,0,0,0,59,3055209,1,10,0,27.0
149,6,0,6,2024-06-09T16:43:07.982GMT,81,driver,192.168.0.30,SUCCESS,PROCESS_LOCAL,False,[],7,1400000,42,8253000,4898,0,2,0,0,0,40240,1,0,0,0,0,0,0,0,0,0,0,0,0,0,0,0,0,0,0,0,59,3272375,1,30,0,27.0
144,1,0,1,2024-06-09T16:43:07.981GMT,88,driver,192.168.0.30,SUCCESS,PROCESS_LOCAL,False,[],19,1857000,32,11507000,4898,0,13,0,0,0,40448,2,0,0,0,0,0,0,0,0,0,0,0,0,0,0,0,0,0,0,0,59,3898835,1,24,0,27.0
159,16,0,16,2024-06-09T16:43:08.069GMT,22,driver,192.168.0.30,SUCCESS,PROCESS_LOCAL,False,[],0,879000,12,2690000,4812,0,0,0,0,0,40240,1,0,0,0,0,0,0,0,0,0,0,0,0,0,0,0,0,0,0,0,59,1969083,1,10,0,27.0
155,12,0,12,2024-06-09T16:43:08.064GMT,26,driver,192.168.0.30,SUCCESS,PROCESS_LOCAL,False,[],2,1079000,15,2776000,4855,0,0,0,0,0,40224,1,0,0,0,0,0,0,0,0,0,0,0,0,0,0,0,0,0,0,0,59,2219667,1,9,0,27.0
162,19,0,19,2024-06-09T16:43:08.070GMT,20,driver,192.168.0.30,SUCCESS,PROCESS_LOCAL,False,[],0,714000,10,2474000,4812,0,0,0,0,0,40448,2,0,0,0,0,0,0,0,0,0,0,0,0,0,0,0,0,0,0,0,59,2001415,1,10,0,27.0
145,2,0,2,2024-06-09T16:43:07.981GMT,92,driver,192.168.0.30,SUCCESS,PROCESS_LOCAL,False,[],17,3991000,42,8909000,4898,0,4,0,0,0,40224,1,0,0,0,0,0,0,0,0,0,0,0,0,0,0,0,0,0,0,0,59,3020708,1,29,0,27.0
150,7,0,7,2024-06-09T16:43:07.982GMT,88,driver,192.168.0.30,SUCCESS,PROCESS_LOCAL,False,[],16,3141000,43,11735000,4898,0,4,0,0,0,40240,1,0,0,0,0,0,0,0,0,0,0,0,0,0,0,0,0,0,0,0,59,2049250,1,25,0,27.0
154,11,0,11,2024-06-09T16:43:08.059GMT,31,driver,192.168.0.30,SUCCESS,PROCESS_LOCAL,False,[],3,1166000,12,3482000,4898,0,1,0,0,0,40448,2,0,0,0,0,0,0,0,0,0,0,0,0,0,0,0,0,0,0,0,59,957249,1,15,0,27.0
143,0,0,0,2024-06-09T16:43:07.980GMT,84,driver,192.168.0.30,SUCCESS,PROCESS_LOCAL,False,[],7,2534000,42,11554000,4898,0,2,0,0,0,40448,2,0,0,0,0,0,0,0,0,0,0,0,0,0,0,0,0,0,0,0,59,4799500,1,33,0,27.0
158,15,0,15,2024-06-09T16:43:08.069GMT,21,driver,192.168.0.30,SUCCESS,PROCESS_LOCAL,False,[],2,808000,8,3231000,4898,0,1,0,0,0,40240,1,0,0,0,0,0,0,0,0,0,0,0,0,0,0,0,0,0,0,0,59,3485750,1,10,0,27.0
151,8,0,8,2024-06-09T16:43:07.982GMT,87,driver,192.168.0.30,SUCCESS,PROCESS_LOCAL,False,[],8,1122000,41,13431000,4898,0,1,0,0,0,40240,1,0,0,0,0,0,0,0,0,0,0,0,0,0,0,0,0,0,0,0,59,2431708,1,37,0,27.0
146,3,0,3,2024-06-09T16:43:07.982GMT,91,driver,192.168.0.30,SUCCESS,PROCESS_LOCAL,False,[],7,984000,52,11101000,4898,0,4,0,0,0,40240,1,0,0,0,0,0,0,0,0,0,0,0,0,0,0,0,0,0,0,0,59,5043751,1,28,0,27.0
138,15,0,15,2024-06-09T16:43:07.781GMT,89,driver,192.168.0.30,SUCCESS,NODE_LOCAL,False,[],12,1835000,71,12120000,4791,0,0,0,0,0,0,0,0,0,0,10,0,0,0,52413,9999,0,0,0,0,0,0,0,0,0,0,0,0,0,6,0,24.0
142,19,0,19,2024-06-09T16:43:07.818GMT,50,driver,192.168.0.30,SUCCESS,NODE_LOCAL,False,[],5,1649000,39,9083000,4791,0,0,0,0,0,0,0,0,0,0,10,0,0,0,52416,10001,0,0,0,0,0,0,0,0,0,0,0,0,0,6,0,24.0
125,2,0,2,2024-06-09T16:43:07.666GMT,151,driver,192.168.0.30,SUCCESS,NODE_LOCAL,False,[],11,3178000,80,11631000,4834,0,1,0,0,0,0,0,0,0,0,10,0,0,0,52188,10000,0,0,0,0,0,0,0,0,0,0,0,0,0,59,0,24.0
132,9,0,9,2024-06-09T16:43:07.667GMT,155,driver,192.168.0.30,SUCCESS,NODE_LOCAL,False,[],11,1598000,93,16589000,4791,0,0,0,0,0,0,0,0,0,0,10,0,0,0,52416,10001,0,0,0,0,0,0,0,0,0,0,0,0,0,51,0,24.0
133,10,0,10,2024-06-09T16:43:07.766GMT,103,driver,192.168.0.30,SUCCESS,NODE_LOCAL,False,[],14,3676000,80,12221000,4791,0,0,0,0,0,0,0,0,0,0,10,0,0,0,52499,10001,0,0,0,0,0,0,0,0,0,0,0,0,0,9,0,24.0
137,14,0,14,2024-06-09T16:43:07.780GMT,76,driver,192.168.0.30,SUCCESS,NODE_LOCAL,False,[],15,2332000,52,8254000,4791,0,0,0,0,0,0,0,0,0,0,10,0,0,0,51979,10000,0,0,0,0,0,0,0,0,0,0,0,0,0,9,0,24.0
141,18,0,18,2024-06-09T16:43:07.788GMT,76,driver,192.168.0.30,SUCCESS,NODE_LOCAL,False,[],9,1497000,30,6959000,4791,0,0,0,0,0,0,0,0,0,0,10,0,0,0,52485,9999,0,0,0,0,0,0,0,0,0,0,0,0,0,37,0,24.0
124,1,0,1,2024-06-09T16:43:07.665GMT,157,driver,192.168.0.30,SUCCESS,NODE_LOCAL,False,[],9,2011000,93,14570000,4834,0,1,0,0,0,0,0,0,0,0,10,0,0,0,52528,10001,0,0,0,0,0,0,0,0,0,0,0,0,0,54,0,24.0
129,6,0,6,2024-06-09T16:43:07.667GMT,150,driver,192.168.0.30,SUCCESS,NODE_LOCAL,False,[],11,2479000,68,13486000,4834,0,2,0,0,0,0,0,0,0,0,10,0,0,0,52458,10000,0,0,0,0,0,0,0,0,0,0,0,0,0,69,0,24.0
134,11,0,11,2024-06-09T16:43:07.771GMT,84,driver,192.168.0.30,SUCCESS,NODE_LOCAL,False,[],12,3560000,45,9189000,4791,0,0,0,0,0,0,0,0,0,0,10,0,0,0,52528,10001,0,0,0,0,0,0,0,0,0,0,0,0,0,27,0,24.0
128,5,0,5,2024-06-09T16:43:07.666GMT,151,driver,192.168.0.30,SUCCESS,NODE_LOCAL,False,[],11,1466000,80,15595000,4791,0,0,0,0,0,0,0,0,0,0,10,0,0,0,52413,9999,0,0,0,0,0,0,0,0,0,0,0,0,0,60,0,24.0
140,17,0,17,2024-06-09T16:43:07.783GMT,82,driver,192.168.0.30,SUCCESS,NODE_LOCAL,False,[],26,4153000,45,10707000,4791,0,0,0,0,0,0,0,0,0,0,10,0,0,0,52460,9999,0,0,0,0,0,0,0,0,0,0,0,0,0,11,0,24.0
130,7,0,7,2024-06-09T16:43:07.667GMT,155,driver,192.168.0.30,SUCCESS,NODE_LOCAL,False,[],18,2040000,63,13330000,4834,0,2,0,0,0,0,0,0,0,0,10,0,0,0,52460,9999,0,0,0,0,0,0,0,0,0,0,0,0,0,72,0,24.0
135,12,0,12,2024-06-09T16:43:07.774GMT,80,driver,192.168.0.30,SUCCESS,NODE_LOCAL,False,[],14,2169000,60,9079000,4791,0,0,0,0,0,0,0,0,0,0,10,0,0,0,52188,10000,0,0,0,0,0,0,0,0,0,0,0,0,0,6,0,24.0
123,0,0,0,2024-06-09T16:43:07.664GMT,153,driver,192.168.0.30,SUCCESS,NODE_LOCAL,False,[],10,1408000,79,14261000,4834,0,1,0,0,0,0,0,0,0,0,10,0,0,0,52499,10001,0,0,0,0,0,0,0,0,0,0,0,0,0,63,0,24.0
127,4,0,4,2024-06-09T16:43:07.666GMT,156,driver,192.168.0.30,SUCCESS,NODE_LOCAL,False,[],9,2268000,92,14107000,4791,0,0,0,0,0,0,0,0,0,0,10,0,0,0,51979,10000,0,0,0,0,0,0,0,0,0,0,0,0,0,55,0,24.0
139,16,0,16,2024-06-09T16:43:07.782GMT,74,driver,192.168.0.30,SUCCESS,NODE_LOCAL,False,[],11,1922000,55,8683000,4791,0,0,0,0,0,0,0,0,0,0,10,0,0,0,52458,10000,0,0,0,0,0,0,0,0,0,0,0,0,0,8,0,24.0
126,3,0,3,2024-06-09T16:43:07.666GMT,109,driver,192.168.0.30,SUCCESS,NODE_LOCAL,False,[],16,3215000,63,11891000,4834,0,2,0,0,0,0,0,0,0,0,10,0,0,0,52458,10000,0,0,0,0,0,0,0,0,0,0,0,0,0,28,0,24.0
136,13,0,13,2024-06-09T16:43:07.776GMT,78,driver,192.168.0.30,SUCCESS,NODE_LOCAL,False,[],15,1976000,38,7900000,4791,0,0,0,0,0,0,0,0,0,0,10,0,0,0,52458,10000,0,0,0,0,0,0,0,0,0,0,0,0,0,25,0,24.0
131,8,0,8,2024-06-09T16:43:07.667GMT,103,driver,192.168.0.30,SUCCESS,NODE_LOCAL,False,[],16,4812000,65,13211000,4834,0,2,0,0,0,0,0,0,0,0,10,0,0,0,52485,9999,0,0,0,0,0,0,0,0,0,0,0,0,0,20,0,24.0
115,2,0,2,2024-06-09T16:43:07.459GMT,131,driver,192.168.0.30,SUCCESS,PROCESS_LOCAL,False,[],28,3503000,86,19874000,2329,0,0,0,0,0,10696,2,0,0,0,0,0,0,0,0,0,0,0,0,0,0,0,0,0,0,0,54621,29396287,10240,17,0,21.0
120,7,0,7,2024-06-09T16:43:07.475GMT,115,driver,192.168.0.30,SUCCESS,PROCESS_LOCAL,False,[],12,1947000,88,16860000,2329,0,0,0,0,0,10696,2,0,0,0,0,0,0,0,0,0,0,0,0,0,0,0,0,0,0,0,51746,28913541,10240,15,0,21.0
121,8,0,8,2024-06-09T16:43:07.476GMT,114,driver,192.168.0.30,SUCCESS,PROCESS_LOCAL,False,[],1,1488000,78,16524000,2329,0,0,0,0,0,10696,2,0,0,0,0,0,0,0,0,0,0,0,0,0,0,0,0,0,0,0,51740,29755205,10240,35,0,21.0
116,3,0,3,2024-06-09T16:43:07.459GMT,130,driver,192.168.0.30,SUCCESS,PROCESS_LOCAL,False,[],28,3858000,84,17950000,2372,0,2,0,0,0,10696,2,0,0,0,0,0,0,0,0,0,0,0,0,0,0,0,0,0,0,0,54346,22710293,10240,16,0,21.0
117,4,0,4,2024-06-09T16:43:07.463GMT,126,driver,192.168.0.30,SUCCESS,PROCESS_LOCAL,False,[],25,3204000,87,17060000,2329,0,0,0,0,0,10696,2,0,0,0,0,0,0,0,0,0,0,0,0,0,0,0,0,0,0,0,54382,24674709,10240,14,0,21.0
118,5,0,5,2024-06-09T16:43:07.464GMT,127,driver,192.168.0.30,SUCCESS,PROCESS_LOCAL,False,[],17,2473000,85,18336000,2372,0,1,0,0,0,9464,1,0,0,0,0,0,0,0,0,0,0,0,0,0,0,0,0,0,0,0,49181,33998003,9216,24,0,21.0
113,0,0,0,2024-06-09T16:43:07.455GMT,135,driver,192.168.0.30,SUCCESS,PROCESS_LOCAL,False,[],23,4802000,94,18743000,2329,0,0,0,0,0,9448,1,0,0,0,0,0,0,0,0,0,0,0,0,0,0,0,0,0,0,0,50166,31729417,9216,18,0,21.0
114,1,0,1,2024-06-09T16:43:07.458GMT,132,driver,192.168.0.30,SUCCESS,PROCESS_LOCAL,False,[],23,3587000,91,16918000,2372,0,1,0,0,0,10696,2,0,0,0,0,0,0,0,0,0,0,0,0,0,0,0,0,0,0,0,54553,30059707,10240,17,0,21.0
119,6,0,6,2024-06-09T16:43:07.471GMT,120,driver,192.168.0.30,SUCCESS,PROCESS_LOCAL,False,[],14,2335000,86,17324000,2329,0,0,0,0,0,10696,2,0,0,0,0,0,0,0,0,0,0,0,0,0,0,0,0,0,0,0,53167,29979919,10240,20,0,21.0
122,9,0,9,2024-06-09T16:43:07.496GMT,95,driver,192.168.0.30,SUCCESS,PROCESS_LOCAL,False,[],2,1596000,70,15953000,2372,0,1,0,0,0,10136,1,0,0,0,0,0,0,0,0,0,0,0,0,0,0,0,0,0,0,0,49982,31509833,9888,22,0,21.0
110,7,0,7,2024-06-09T16:43:07.262GMT,235,driver,192.168.0.30,SUCCESS,PROCESS_LOCAL,False,[],28,3294000,146,31446000,2372,0,2,0,0,0,10696,2,0,0,0,0,0,0,0,0,0,0,0,0,0,0,0,0,0,0,0,51746,25906457,10240,59,0,20.0
106,3,0,3,2024-06-09T16:43:07.257GMT,217,driver,192.168.0.30,SUCCESS,PROCESS_LOCAL,False,[],27,5613000,150,31464000,2329,0,0,0,0,0,10696,2,0,0,0,0,0,0,0,0,0,0,0,0,0,0,0,0,0,0,0,54346,25639292,10240,40,0,20.0
109,6,0,6,2024-06-09T16:43:07.261GMT,237,driver,192.168.0.30,SUCCESS,PROCESS_LOCAL,False,[],15,3160000,162,32527000,2329,0,0,0,0,0,10696,2,0,0,0,0,0,0,0,0,0,0,0,0,0,0,0,0,0,0,0,53167,26340666,10240,60,0,20.0
105,2,0,2,2024-06-09T16:43:07.257GMT,217,driver,192.168.0.30,SUCCESS,PROCESS_LOCAL,False,[],28,5200000,152,29697000,2329,0,0,0,0,0,10696,2,0,0,0,0,0,0,0,0,0,0,0,0,0,0,0,0,0,0,0,54621,25704619,10240,37,0,20.0
103,0,0,0,2024-06-09T16:43:07.253GMT,247,driver,192.168.0.30,SUCCESS,PROCESS_LOCAL,False,[],31,4299000,151,30234000,2372,0,3,0,0,0,9448,1,0,0,0,0,0,0,0,0,0,0,0,0,0,0,0,0,0,0,0,50166,24945626,9216,62,0,20.0
108,5,0,5,2024-06-09T16:43:07.257GMT,203,driver,192.168.0.30,SUCCESS,PROCESS_LOCAL,False,[],27,2836000,133,35179000,2372,0,7,0,0,0,9464,1,0,0,0,0,0,0,0,0,0,0,0,0,0,0,0,0,0,0,0,49181,13133337,9216,36,0,20.0
112,9,0,9,2024-06-09T16:43:07.263GMT,198,driver,192.168.0.30,SUCCESS,PROCESS_LOCAL,False,[],29,2330000,149,31419000,2372,0,1,0,0,0,10136,1,0,0,0,0,0,0,0,0,0,0,0,0,0,0,0,0,0,0,0,49982,23608458,9888,19,0,20.0
104,1,0,1,2024-06-09T16:43:07.256GMT,201,driver,192.168.0.30,SUCCESS,PROCESS_LOCAL,False,[],18,1876000,161,32046000,2329,0,0,0,0,0,10696,2,0,0,0,0,0,0,0,0,0,0,0,0,0,0,0,0,0,0,0,54553,23223626,10240,22,0,20.0
107,4,0,4,2024-06-09T16:43:07.257GMT,217,driver,192.168.0.30,SUCCESS,PROCESS_LOCAL,False,[],25,2757000,152,30557000,2372,0,1,0,0,0,10696,2,0,0,0,0,0,0,0,0,0,0,0,0,0,0,0,0,0,0,0,54382,23986665,10240,39,0,20.0
111,8,0,8,2024-06-09T16:43:07.263GMT,197,driver,192.168.0.30,SUCCESS,PROCESS_LOCAL,False,[],27,3658000,137,32858000,2372,0,3,0,0,0,10696,2,0,0,0,0,0,0,0,0,0,0,0,0,0,0,0,0,0,0,0,51740,13249621,10240,30,0,20.0
102,0,0,0,2024-06-09T16:43:06.879GMT,23,driver,192.168.0.30,SUCCESS,NODE_LOCAL,False,[],5,5915000,13,11313000,3995,0,0,0,0,0,0,0,0,0,0,10,0,0,0,581,10,0,0,0,0,0,0,0,0,0,0,0,0,0,5,0,19.0
101,9,0,9,2024-06-09T16:43:06.704GMT,79,driver,192.168.0.30,SUCCESS,PROCESS_LOCAL,False,[],19,2534000,42,14922000,2560,0,4,0,0,0,10136,1,0,0,0,0,0,0,0,0,0,0,0,0,0,0,0,0,0,0,0,59,3126835,1,14,0,17.0
93,1,0,1,2024-06-09T16:43:06.702GMT,79,driver,192.168.0.30,SUCCESS,PROCESS_LOCAL,False,[],11,3051000,45,17599000,2560,0,8,0,0,0,10696,2,0,0,0,0,0,0,0,0,0,0,0,0,0,0,0,0,0,0,0,58,2678794,1,15,0,17.0
92,0,0,0,2024-06-09T16:43:06.701GMT,81,driver,192.168.0.30,SUCCESS,PROCESS_LOCAL,False,[],12,1862000,52,15707000,2560,0,1,0,0,0,9448,1,0,0,0,0,0,0,0,0,0,0,0,0,0,0,0,0,0,0,0,58,3025084,1,16,0,17.0
97,5,0,5,2024-06-09T16:43:06.703GMT,79,driver,192.168.0.30,SUCCESS,PROCESS_LOCAL,False,[],10,1803000,46,7582000,2560,0,8,0,0,0,9464,1,0,0,0,0,0,0,0,0,0,0,0,0,0,0,0,0,0,0,0,58,4391500,1,15,0,17.0
96,4,0,4,2024-06-09T16:43:06.702GMT,79,driver,192.168.0.30,SUCCESS,PROCESS_LOCAL,False,[],11,3513000,54,15800000,2517,0,0,0,0,0,10696,2,0,0,0,0,0,0,0,0,0,0,0,0,0,0,0,0,0,0,0,58,2183543,1,14,0,17.0
98,6,0,6,2024-06-09T16:43:06.703GMT,80,driver,192.168.0.30,SUCCESS,PROCESS_LOCAL,False,[],17,4268000,40,15607000,2560,0,9,0,0,0,10696,2,0,0,0,0,0,0,0,0,0,0,0,0,0,0,0,0,0,0,0,58,3125958,1,14,0,17.0
95,3,0,3,2024-06-09T16:43:06.702GMT,81,driver,192.168.0.30,SUCCESS,PROCESS_LOCAL,False,[],11,2192000,47,17518000,2560,0,7,0,0,0,10696,2,0,0,0,0,0,0,0,0,0,0,0,0,0,0,0,0,0,0,0,58,1425040,1,16,0,17.0
99,7,0,7,2024-06-09T16:43:06.704GMT,78,driver,192.168.0.30,SUCCESS,PROCESS_LOCAL,False,[],11,2493000,49,19124000,2560,0,5,0,0,0,10696,2,0,0,0,0,0,0,0,0,0,0,0,0,0,0,0,0,0,0,0,58,2802667,1,13,0,17.0
94,2,0,2,2024-06-09T16:43:06.702GMT,79,driver,192.168.0.30,SUCCESS,PROCESS_LOCAL,False,[],17,3052000,40,15984000,2560,0,9,0,0,0,10696,2,0,0,0,0,0,0,0,0,0,0,0,0,0,0,0,0,0,0,0,58,3481084,1,13,0,17.0
100,8,0,8,2024-06-09T16:43:06.704GMT,79,driver,192.168.0.30,SUCCESS,PROCESS_LOCAL,False,[],11,1921000,50,16363000,2560,0,3,0,0,0,10696,2,0,0,0,0,0,0,0,0,0,0,0,0,0,0,0,0,0,0,0,58,3675377,1,15,0,17.0
88,6,0,6,2024-06-09T16:43:06.312GMT,277,driver,192.168.0.30,SUCCESS,PROCESS_LOCAL,False,[],33,6106000,219,22782000,1793,0,5,0,0,0,0,0,0,0,0,0,0,0,0,0,0,0,0,0,0,0,0,0,0,0,0,0,0,0,20,0,16.0
84,2,0,2,2024-06-09T16:43:06.309GMT,286,driver,192.168.0.30,SUCCESS,PROCESS_LOCAL,False,[],35,4927000,218,20807000,1793,0,6,0,0,0,0,0,0,0,0,0,0,0,0,0,0,0,0,0,0,0,0,0,0,0,0,0,0,0,27,0,16.0
89,7,0,7,2024-06-09T16:43:06.312GMT,277,driver,192.168.0.30,SUCCESS,PROCESS_LOCAL,False,[],34,3726000,219,21756000,1793,0,5,0,0,0,0,0,0,0,0,0,0,0,0,0,0,0,0,0,0,0,0,0,0,0,0,0,0,0,19,0,16.0
85,3,0,3,2024-06-09T16:43:06.310GMT,282,driver,192.168.0.30,SUCCESS,PROCESS_LOCAL,False,[],80,8982000,174,16240000,1793,0,5,0,0,0,0,0,0,0,0,0,0,0,0,0,0,0,0,0,0,0,0,0,0,0,0,0,0,0,23,0,16.0
86,4,0,4,2024-06-09T16:43:06.311GMT,277,driver,192.168.0.30,SUCCESS,PROCESS_LOCAL,False,[],34,4354000,218,23274000,1793,0,5,0,0,0,0,0,0,0,0,0,0,0,0,0,0,0,0,0,0,0,0,0,0,0,0,0,0,0,20,0,16.0
91,9,0,9,2024-06-09T16:43:06.313GMT,280,driver,192.168.0.30,SUCCESS,PROCESS_LOCAL,False,[],33,3931000,219,21237000,1793,0,5,0,0,0,0,0,0,0,0,0,0,0,0,0,0,0,0,0,0,0,0,0,0,0,0,0,0,0,23,0,16.0
87,5,0,5,2024-06-09T16:43:06.312GMT,276,driver,192.168.0.30,SUCCESS,PROCESS_LOCAL,False,[],33,5654000,219,19203000,1793,0,5,0,0,0,0,0,0,0,0,0,0,0,0,0,0,0,0,0,0,0,0,0,0,0,0,0,0,0,19,0,16.0
82,0,0,0,2024-06-09T16:43:06.308GMT,284,driver,192.168.0.30,SUCCESS,PROCESS_LOCAL,False,[],88,10226000,167,52713000,1793,0,5,0,0,0,0,0,0,0,0,0,0,0,0,0,0,0,0,0,0,0,0,0,0,0,0,0,0,0,24,0,16.0
90,8,0,8,2024-06-09T16:43:06.312GMT,281,driver,192.168.0.30,SUCCESS,PROCESS_LOCAL,False,[],78,9705000,173,18682000,1793,0,6,0,0,0,0,0,0,0,0,0,0,0,0,0,0,0,0,0,0,0,0,0,0,0,0,0,0,0,24,0,16.0
83,1,0,1,2024-06-09T16:43:06.309GMT,286,driver,192.168.0.30,SUCCESS,PROCESS_LOCAL,False,[],34,5221000,218,21997000,1793,0,5,0,0,0,0,0,0,0,0,0,0,0,0,0,0,0,0,0,0,0,0,0,0,0,0,0,0,0,29,0,16.0
