timestamp,memoryUsedPct_max,memoryUsedPct_mean,memoryUsedPct_median,memoryUsedPct_min,usedOnHeapStorageMemoryPct_max,usedOnHeapStorageMemoryPct_mean,usedOnHeapStorageMemoryPct_median,usedOnHeapStorageMemoryPct_min,usedOffHeapStorageMemoryPct_max,usedOffHeapStorageMemoryPct_mean,usedOffHeapStorageMemoryPct_median,usedOffHeapStorageMemoryPct_min,totalOnHeapStorageMemory_max,totalOnHeapStorageMemory_mean,totalOnHeapStorageMemory_median,totalOnHeapStorageMemory_min,totalOffHeapStorageMemory_max,totalOffHeapStorageMemory_mean,totalOffHeapStorageMemory_median,totalOffHeapStorageMemory_min,ProcessTreePythonVMemory_max,ProcessTreePythonVMemory_mean,ProcessTreePythonVMemory_median,ProcessTreePythonVMemory_min,ProcessTreePythonRSSMemory_max,ProcessTreePythonRSSMemory_mean,ProcessTreePythonRSSMemory_median,ProcessTreePythonRSSMemory_min,JVMHeapMemory_max,JVMHeapMemory_mean,JVMHeapMemory_median,JVMHeapMemory_min,JVMOffHeapMemory_max,JVMOffHeapMemory_mean,JVMOffHeapMemory_median,JVMOffHeapMemory_min,OffHeapExecutionMemory_max,OffHeapExecutionMemory_mean,OffHeapExecutionMemory_median,OffHeapExecutionMemory_min,OnHeapExecutionMemory_max,OnHeapExecutionMemory_mean,OnHeapExecutionMemory_median,OnHeapExecutionMemory_min,numActive,memoryUsed_sum,maxMemory_sum,memoryUsed_sum_pct,memoryUsedPct_driver,local_memory_pct,process_memory_usage,user_memory_usage
2024-06-09 20:13:59.780498,0.45972491460852744,0.45972491460852744,0.45972491460852744,0.45972491460852744,0.45972491460852744,0.45972491460852744,0.45972491460852744,0.45972491460852744,,,,,384093388.0,384093388.0,384093388.0,384093388.0,0.0,0.0,0.0,0.0,0.0,0.0,0.0,0.0,0.0,0.0,0.0,0.0,335474656.0,335474656.0,335474656.0,335474656.0,159112336.0,159112336.0,159112336.0,159112336.0,0.0,0.0,0.0,0.0,0.0,0.0,0.0,0.0,1.0,1765773.0,384093388.0,0.45972491460852744,0.45972491460852744,85.5,98729984.0,7279968256.0
2024-06-09 20:14:08.070440,0.45718699015979936,0.45718699015979936,0.45718699015979936,0.45718699015979936,0.45718699015979936,0.45718699015979936,0.45718699015979936,0.45718699015979936,,,,,384093388.0,384093388.0,384093388.0,384093388.0,0.0,0.0,0.0,0.0,0.0,0.0,0.0,0.0,0.0,0.0,0.0,0.0,335474656.0,335474656.0,335474656.0,335474656.0,159112336.0,159112336.0,159112336.0,159112336.0,0.0,0.0,0.0,0.0,0.0,0.0,0.0,0.0,1.0,1756025.0,384093388.0,0.45718699015979936,0.45718699015979936,86.0,277577728.0,7028346880.0
2024-06-09 20:14:14.541892,0.45374095322880176,0.45374095322880176,0.45374095322880176,0.45374095322880176,0.45374095322880176,0.45374095322880176,0.45374095322880176,0.45374095322880176,,,,,384093388.0,384093388.0,384093388.0,384093388.0,0.0,0.0,0.0,0.0,0.0,0.0,0.0,0.0,0.0,0.0,0.0,0.0,335474656.0,335474656.0,335474656.0,335474656.0,172551544.0,172551544.0,172551544.0,172551544.0,0.0,0.0,0.0,0.0,0.0,0.0,0.0,0.0,1.0,1742789.0,384093388.0,0.45374095322880176,0.45374095322880176,86.1,157712384.0,7362781184.0
2024-06-09 20:14:20.837322,0.45374095322880176,0.45374095322880176,0.45374095322880176,0.45374095322880176,0.45374095322880176,0.45374095322880176,0.45374095322880176,0.45374095322880176,,,,,384093388.0,384093388.0,384093388.0,384093388.0,0.0,0.0,0.0,0.0,0.0,0.0,0.0,0.0,0.0,0.0,0.0,0.0,335474656.0,335474656.0,335474656.0,335474656.0,172859184.0,172859184.0,172859184.0,172859184.0,0.0,0.0,0.0,0.0,0.0,0.0,0.0,0.0,1.0,1742789.0,384093388.0,0.45374095322880176,0.45374095322880176,85.9,300990464.0,7339110400.0
2024-06-09 20:14:27.173902,0.45374095322880176,0.45374095322880176,0.45374095322880176,0.45374095322880176,0.45374095322880176,0.45374095322880176,0.45374095322880176,0.45374095322880176,,,,,384093388.0,384093388.0,384093388.0,384093388.0,0.0,0.0,0.0,0.0,0.0,0.0,0.0,0.0,0.0,0.0,0.0,0.0,335474656.0,335474656.0,335474656.0,335474656.0,172859184.0,172859184.0,172859184.0,172859184.0,0.0,0.0,0.0,0.0,0.0,0.0,0.0,0.0,1.0,1742789.0,384093388.0,0.45374095322880176,0.45374095322880176,85.4,185614336.0,7592730624.0
2024-06-09 20:14:33.564762,0.45374095322880176,0.45374095322880176,0.45374095322880176,0.45374095322880176,0.45374095322880176,0.45374095322880176,0.45374095322880176,0.45374095322880176,,,,,384093388.0,384093388.0,384093388.0,384093388.0,0.0,0.0,0.0,0.0,0.0,0.0,0.0,0.0,0.0,0.0,0.0,0.0,335474656.0,335474656.0,335474656.0,335474656.0,172889784.0,172889784.0,172889784.0,172889784.0,0.0,0.0,0.0,0.0,0.0,0.0,0.0,0.0,1.0,1742789.0,384093388.0,0.45374095322880176,0.45374095322880176,85.5,245858304.0,7787253760.0
2024-06-09 20:14:39.867406,0.45374095322880176,0.45374095322880176,0.45374095322880176,0.45374095322880176,0.45374095322880176,0.45374095322880176,0.45374095322880176,0.45374095322880176,,,,,384093388.0,384093388.0,384093388.0,384093388.0,0.0,0.0,0.0,0.0,0.0,0.0,0.0,0.0,0.0,0.0,0.0,0.0,335474656.0,335474656.0,335474656.0,335474656.0,173030952.0,173030952.0,173030952.0,173030952.0,0.0,0.0,0.0,0.0,0.0,0.0,0.0,0.0,1.0,1742789.0,384093388.0,0.45374095322880176,0.45374095322880176,85.2,198918144.0,7697072128.0
2024-06-09 20:14:46.302004,0.45374095322880176,0.45374095322880176,0.45374095322880176,0.45374095322880176,0.45374095322880176,0.45374095322880176,0.45374095322880176,0.45374095322880176,,,,,384093388.0,384093388.0,384093388.0,384093388.0,0.0,0.0,0.0,0.0,0.0,0.0,0.0,0.0,0.0,0.0,0.0,0.0,335474656.0,335474656.0,335474656.0,335474656.0,173030952.0,173030952.0,173030952.0,173030952.0,0.0,0.0,0.0,0.0,0.0,0.0,0.0,0.0,1.0,1742789.0,384093388.0,0.45374095322880176,0.45374095322880176,84.3,308789248.0,7946756096.0
2024-06-09 20:14:52.690381,0.45374095322880176,0.45374095322880176,0.45374095322880176,0.45374095322880176,0.45374095322880176,0.45374095322880176,0.45374095322880176,0.45374095322880176,,,,,384093388.0,384093388.0,384093388.0,384093388.0,0.0,0.0,0.0,0.0,0.0,0.0,0.0,0.0,0.0,0.0,0.0,0.0,335474656.0,335474656.0,335474656.0,335474656.0,176839488.0,176839488.0,176839488.0,176839488.0,0.0,0.0,0.0,0.0,0.0,0.0,0.0,0.0,1.0,1742789.0,384093388.0,0.45374095322880176,0.45374095322880176,84.2,259866624.0,7998865408.0
2024-06-09 20:14:59.001847,0.45374095322880176,0.45374095322880176,0.45374095322880176,0.45374095322880176,0.45374095322880176,0.45374095322880176,0.45374095322880176,0.45374095322880176,,,,,384093388.0,384093388.0,384093388.0,384093388.0,0.0,0.0,0.0,0.0,0.0,0.0,0.0,0.0,0.0,0.0,0.0,0.0,335474656.0,335474656.0,335474656.0,335474656.0,176839488.0,176839488.0,176839488.0,176839488.0,0.0,0.0,0.0,0.0,0.0,0.0,0.0,0.0,1.0,1742789.0,384093388.0,0.45374095322880176,0.45374095322880176,83.8,307658752.0,8013332480.0
2024-06-09 20:15:05.234733,0.45374095322880176,0.45374095322880176,0.45374095322880176,0.45374095322880176,0.45374095322880176,0.45374095322880176,0.45374095322880176,0.45374095322880176,,,,,384093388.0,384093388.0,384093388.0,384093388.0,0.0,0.0,0.0,0.0,0.0,0.0,0.0,0.0,0.0,0.0,0.0,0.0,335474656.0,335474656.0,335474656.0,335474656.0,176839488.0,176839488.0,176839488.0,176839488.0,0.0,0.0,0.0,0.0,0.0,0.0,0.0,0.0,1.0,1742789.0,384093388.0,0.45374095322880176,0.45374095322880176,83.7,315277312.0,8119226368.0
2024-06-09 20:15:11.516674,0.45374095322880176,0.45374095322880176,0.45374095322880176,0.45374095322880176,0.45374095322880176,0.45374095322880176,0.45374095322880176,0.45374095322880176,,,,,384093388.0,384093388.0,384093388.0,384093388.0,0.0,0.0,0.0,0.0,0.0,0.0,0.0,0.0,0.0,0.0,0.0,0.0,335474656.0,335474656.0,335474656.0,335474656.0,177073824.0,177073824.0,177073824.0,177073824.0,0.0,0.0,0.0,0.0,0.0,0.0,0.0,0.0,1.0,1742789.0,384093388.0,0.45374095322880176,0.45374095322880176,83.0,292601856.0,8370679808.0
2024-06-09 20:15:17.999483,0.45374095322880176,0.45374095322880176,0.45374095322880176,0.45374095322880176,0.45374095322880176,0.45374095322880176,0.45374095322880176,0.45374095322880176,,,,,384093388.0,384093388.0,384093388.0,384093388.0,0.0,0.0,0.0,0.0,0.0,0.0,0.0,0.0,0.0,0.0,0.0,0.0,335474656.0,335474656.0,335474656.0,335474656.0,177073824.0,177073824.0,177073824.0,177073824.0,0.0,0.0,0.0,0.0,0.0,0.0,0.0,0.0,1.0,1742789.0,384093388.0,0.45374095322880176,0.45374095322880176,82.7,326713344.0,8646828032.0
2024-06-09 20:15:24.231812,0.45374095322880176,0.45374095322880176,0.45374095322880176,0.45374095322880176,0.45374095322880176,0.45374095322880176,0.45374095322880176,0.45374095322880176,,,,,384093388.0,384093388.0,384093388.0,384093388.0,0.0,0.0,0.0,0.0,0.0,0.0,0.0,0.0,0.0,0.0,0.0,0.0,335474656.0,335474656.0,335474656.0,335474656.0,177392576.0,177392576.0,177392576.0,177392576.0,0.0,0.0,0.0,0.0,0.0,0.0,0.0,0.0,1.0,1742789.0,384093388.0,0.45374095322880176,0.45374095322880176,83.2,325943296.0,8509497344.0
2024-06-09 20:15:30.588327,0.45374095322880176,0.45374095322880176,0.45374095322880176,0.45374095322880176,0.45374095322880176,0.45374095322880176,0.45374095322880176,0.45374095322880176,,,,,384093388.0,384093388.0,384093388.0,384093388.0,0.0,0.0,0.0,0.0,0.0,0.0,0.0,0.0,0.0,0.0,0.0,0.0,335474656.0,335474656.0,335474656.0,335474656.0,177522200.0,177522200.0,177522200.0,177522200.0,0.0,0.0,0.0,0.0,0.0,0.0,0.0,0.0,1.0,1742789.0,384093388.0,0.45374095322880176,0.45374095322880176,85.0,207405056.0,7806816256.0
2024-06-09 20:15:37.020635,0.45374095322880176,0.45374095322880176,0.45374095322880176,0.45374095322880176,0.45374095322880176,0.45374095322880176,0.45374095322880176,0.45374095322880176,,,,,384093388.0,384093388.0,384093388.0,384093388.0,0.0,0.0,0.0,0.0,0.0,0.0,0.0,0.0,0.0,0.0,0.0,0.0,335474656.0,335474656.0,335474656.0,335474656.0,177522200.0,177522200.0,177522200.0,177522200.0,0.0,0.0,0.0,0.0,0.0,0.0,0.0,0.0,1.0,1742789.0,384093388.0,0.45374095322880176,0.45374095322880176,85.1,328876032.0,7917400064.0
2024-06-09 20:15:43.482795,0.45374095322880176,0.45374095322880176,0.45374095322880176,0.45374095322880176,0.45374095322880176,0.45374095322880176,0.45374095322880176,0.45374095322880176,,,,,384093388.0,384093388.0,384093388.0,384093388.0,0.0,0.0,0.0,0.0,0.0,0.0,0.0,0.0,0.0,0.0,0.0,0.0,335474656.0,335474656.0,335474656.0,335474656.0,178192888.0,178192888.0,178192888.0,178192888.0,0.0,0.0,0.0,0.0,0.0,0.0,0.0,0.0,1.0,1742789.0,384093388.0,0.45374095322880176,0.45374095322880176,85.6,277938176.0,7504539648.0
2024-06-09 20:15:49.833862,0.45374095322880176,0.45374095322880176,0.45374095322880176,0.45374095322880176,0.45374095322880176,0.45374095322880176,0.45374095322880176,0.45374095322880176,,,,,384093388.0,384093388.0,384093388.0,384093388.0,0.0,0.0,0.0,0.0,0.0,0.0,0.0,0.0,0.0,0.0,0.0,0.0,335474656.0,335474656.0,335474656.0,335474656.0,178241664.0,178241664.0,178241664.0,178241664.0,0.0,0.0,0.0,0.0,0.0,0.0,0.0,0.0,1.0,1742789.0,384093388.0,0.45374095322880176,0.45374095322880176,85.3,332201984.0,7639179264.0
2024-06-09 20:15:56.156540,0.45374095322880176,0.45374095322880176,0.45374095322880176,0.45374095322880176,0.45374095322880176,0.45374095322880176,0.45374095322880176,0.45374095322880176,,,,,384093388.0,384093388.0,384093388.0,384093388.0,0.0,0.0,0.0,0.0,0.0,0.0,0.0,0.0,0.0,0.0,0.0,0.0,335474656.0,335474656.0,335474656.0,335474656.0,178241664.0,178241664.0,178241664.0,178241664.0,0.0,0.0,0.0,0.0,0.0,0.0,0.0,0.0,1.0,1742789.0,384093388.0,0.45374095322880176,0.45374095322880176,85.0,334249984.0,7756656640.0
2024-06-09 20:16:02.507750,0.45374095322880176,0.45374095322880176,0.45374095322880176,0.45374095322880176,0.45374095322880176,0.45374095322880176,0.45374095322880176,0.45374095322880176,,,,,384093388.0,384093388.0,384093388.0,384093388.0,0.0,0.0,0.0,0.0,0.0,0.0,0.0,0.0,0.0,0.0,0.0,0.0,335474656.0,335474656.0,335474656.0,335474656.0,178291304.0,178291304.0,178291304.0,178291304.0,0.0,0.0,0.0,0.0,0.0,0.0,0.0,0.0,1.0,1742789.0,384093388.0,0.45374095322880176,0.45374095322880176,84.6,333545472.0,7993999360.0
2024-06-09 20:16:08.942082,0.45374095322880176,0.45374095322880176,0.45374095322880176,0.45374095322880176,0.45374095322880176,0.45374095322880176,0.45374095322880176,0.45374095322880176,,,,,384093388.0,384093388.0,384093388.0,384093388.0,0.0,0.0,0.0,0.0,0.0,0.0,0.0,0.0,0.0,0.0,0.0,0.0,335474656.0,335474656.0,335474656.0,335474656.0,178291304.0,178291304.0,178291304.0,178291304.0,0.0,0.0,0.0,0.0,0.0,0.0,0.0,0.0,1.0,1742789.0,384093388.0,0.45374095322880176,0.45374095322880176,85.3,227426304.0,7875956736.0
2024-06-09 20:16:15.488039,0.45374095322880176,0.45374095322880176,0.45374095322880176,0.45374095322880176,0.45374095322880176,0.45374095322880176,0.45374095322880176,0.45374095322880176,,,,,384093388.0,384093388.0,384093388.0,384093388.0,0.0,0.0,0.0,0.0,0.0,0.0,0.0,0.0,0.0,0.0,0.0,0.0,335474656.0,335474656.0,335474656.0,335474656.0,178291304.0,178291304.0,178291304.0,178291304.0,0.0,0.0,0.0,0.0,0.0,0.0,0.0,0.0,1.0,1742789.0,384093388.0,0.45374095322880176,0.45374095322880176,84.8,276496384.0,7913832448.0
2024-06-09 20:16:21.970169,0.45374095322880176,0.45374095322880176,0.45374095322880176,0.45374095322880176,0.45374095322880176,0.45374095322880176,0.45374095322880176,0.45374095322880176,,,,,384093388.0,384093388.0,384093388.0,384093388.0,0.0,0.0,0.0,0.0,0.0,0.0,0.0,0.0,0.0,0.0,0.0,0.0,335474656.0,335474656.0,335474656.0,335474656.0,178311040.0,178311040.0,178311040.0,178311040.0,0.0,0.0,0.0,0.0,0.0,0.0,0.0,0.0,1.0,1742789.0,384093388.0,0.45374095322880176,0.45374095322880176,85.6,303792128.0,7473205248.0
2024-06-09 20:16:28.352783,0.45374095322880176,0.45374095322880176,0.45374095322880176,0.45374095322880176,0.45374095322880176,0.45374095322880176,0.45374095322880176,0.45374095322880176,,,,,384093388.0,384093388.0,384093388.0,384093388.0,0.0,0.0,0.0,0.0,0.0,0.0,0.0,0.0,0.0,0.0,0.0,0.0,335474656.0,335474656.0,335474656.0,335474656.0,178342552.0,178342552.0,178342552.0,178342552.0,0.0,0.0,0.0,0.0,0.0,0.0,0.0,0.0,1.0,1742789.0,384093388.0,0.45374095322880176,0.45374095322880176,85.5,313622528.0,7627784192.0
2024-06-09 20:16:34.737587,0.45374095322880176,0.45374095322880176,0.45374095322880176,0.45374095322880176,0.45374095322880176,0.45374095322880176,0.45374095322880176,0.45374095322880176,,,,,384093388.0,384093388.0,384093388.0,384093388.0,0.0,0.0,0.0,0.0,0.0,0.0,0.0,0.0,0.0,0.0,0.0,0.0,335474656.0,335474656.0,335474656.0,335474656.0,178342552.0,178342552.0,178342552.0,178342552.0,0.0,0.0,0.0,0.0,0.0,0.0,0.0,0.0,1.0,1742789.0,384093388.0,0.45374095322880176,0.45374095322880176,85.9,225280000.0,7555551232.0
2024-06-09 20:16:41.071096,0.45374095322880176,0.45374095322880176,0.45374095322880176,0.45374095322880176,0.45374095322880176,0.45374095322880176,0.45374095322880176,0.45374095322880176,,,,,384093388.0,384093388.0,384093388.0,384093388.0,0.0,0.0,0.0,0.0,0.0,0.0,0.0,0.0,0.0,0.0,0.0,0.0,335474656.0,335474656.0,335474656.0,335474656.0,178543368.0,178543368.0,178543368.0,178543368.0,0.0,0.0,0.0,0.0,0.0,0.0,0.0,0.0,1.0,1742789.0,384093388.0,0.45374095322880176,0.45374095322880176,86.0,314081280.0,7681085440.0
2024-06-09 20:16:47.795837,0.45374095322880176,0.45374095322880176,0.45374095322880176,0.45374095322880176,0.45374095322880176,0.45374095322880176,0.45374095322880176,0.45374095322880176,,,,,384093388.0,384093388.0,384093388.0,384093388.0,0.0,0.0,0.0,0.0,0.0,0.0,0.0,0.0,0.0,0.0,0.0,0.0,335474656.0,335474656.0,335474656.0,335474656.0,178543368.0,178543368.0,178543368.0,178543368.0,0.0,0.0,0.0,0.0,0.0,0.0,0.0,0.0,1.0,1742789.0,384093388.0,0.45374095322880176,0.45374095322880176,86.0,352976896.0,7588921344.0
2024-06-09 20:16:54.097863,0.45374095322880176,0.45374095322880176,0.45374095322880176,0.45374095322880176,0.45374095322880176,0.45374095322880176,0.45374095322880176,0.45374095322880176,,,,,384093388.0,384093388.0,384093388.0,384093388.0,0.0,0.0,0.0,0.0,0.0,0.0,0.0,0.0,0.0,0.0,0.0,0.0,335474656.0,335474656.0,335474656.0,335474656.0,178746800.0,178746800.0,178746800.0,178746800.0,0.0,0.0,0.0,0.0,0.0,0.0,0.0,0.0,1.0,1742789.0,384093388.0,0.45374095322880176,0.45374095322880176,85.6,387366912.0,7694458880.0
2024-06-09 20:17:00.309003,0.45374095322880176,0.45374095322880176,0.45374095322880176,0.45374095322880176,0.45374095322880176,0.45374095322880176,0.45374095322880176,0.45374095322880176,,,,,384093388.0,384093388.0,384093388.0,384093388.0,0.0,0.0,0.0,0.0,0.0,0.0,0.0,0.0,0.0,0.0,0.0,0.0,335474656.0,335474656.0,335474656.0,335474656.0,178925576.0,178925576.0,178925576.0,178925576.0,0.0,0.0,0.0,0.0,0.0,0.0,0.0,0.0,1.0,1742789.0,384093388.0,0.45374095322880176,0.45374095322880176,86.0,400326656.0,7549116416.0
2024-06-09 20:17:06.619038,0.45374095322880176,0.45374095322880176,0.45374095322880176,0.45374095322880176,0.45374095322880176,0.45374095322880176,0.45374095322880176,0.45374095322880176,,,,,384093388.0,384093388.0,384093388.0,384093388.0,0.0,0.0,0.0,0.0,0.0,0.0,0.0,0.0,0.0,0.0,0.0,0.0,335474656.0,335474656.0,335474656.0,335474656.0,178925576.0,178925576.0,178925576.0,178925576.0,0.0,0.0,0.0,0.0,0.0,0.0,0.0,0.0,1.0,1742789.0,384093388.0,0.45374095322880176,0.45374095322880176,85.7,404783104.0,7418527744.0
2024-06-09 20:17:13.087608,0.45374095322880176,0.45374095322880176,0.45374095322880176,0.45374095322880176,0.45374095322880176,0.45374095322880176,0.45374095322880176,0.45374095322880176,,,,,384093388.0,384093388.0,384093388.0,384093388.0,0.0,0.0,0.0,0.0,0.0,0.0,0.0,0.0,0.0,0.0,0.0,0.0,335474656.0,335474656.0,335474656.0,335474656.0,179018512.0,179018512.0,179018512.0,179018512.0,0.0,0.0,0.0,0.0,0.0,0.0,0.0,0.0,1.0,1742789.0,384093388.0,0.45374095322880176,0.45374095322880176,84.5,301465600.0,8091054080.0
2024-06-09 20:17:19.384167,0.45374095322880176,0.45374095322880176,0.45374095322880176,0.45374095322880176,0.45374095322880176,0.45374095322880176,0.45374095322880176,0.45374095322880176,,,,,384093388.0,384093388.0,384093388.0,384093388.0,0.0,0.0,0.0,0.0,0.0,0.0,0.0,0.0,0.0,0.0,0.0,0.0,335474656.0,335474656.0,335474656.0,335474656.0,179018512.0,179018512.0,179018512.0,179018512.0,0.0,0.0,0.0,0.0,0.0,0.0,0.0,0.0,1.0,1742789.0,384093388.0,0.45374095322880176,0.45374095322880176,85.4,519864320.0,7382048768.0
2024-06-09 20:17:29.543617,3.0838086179187236,3.0838086179187236,3.0838086179187236,3.0838086179187236,3.0838086179187236,3.0838086179187236,3.0838086179187236,3.0838086179187236,,,,,384093388.0,384093388.0,384093388.0,384093388.0,0.0,0.0,0.0,0.0,0.0,0.0,0.0,0.0,0.0,0.0,0.0,0.0,613823360.0,613823360.0,613823360.0,613823360.0,179018512.0,179018512.0,179018512.0,179018512.0,0.0,0.0,0.0,0.0,360748192.0,360748192.0,360748192.0,360748192.0,1.0,11844705.0,384093388.0,3.0838086179187236,3.0838086179187236,85.9,100352000.0,7741833216.0
2024-06-09 20:17:39.656638,3.081325367673343,3.081325367673343,3.081325367673343,3.081325367673343,3.081325367673343,3.081325367673343,3.081325367673343,3.081325367673343,,,,,384093388.0,384093388.0,384093388.0,384093388.0,0.0,0.0,0.0,0.0,0.0,0.0,0.0,0.0,0.0,0.0,0.0,0.0,674108504.0,674108504.0,674108504.0,674108504.0,179018512.0,179018512.0,179018512.0,179018512.0,0.0,0.0,0.0,0.0,372238940.0,372238940.0,372238940.0,372238940.0,1.0,11835167.0,384093388.0,3.081325367673343,3.081325367673343,85.7,92749824.0,7837573120.0
2024-06-09 20:17:46.987242,24.079803737730575,24.079803737730575,24.079803737730575,24.079803737730575,24.079803737730575,24.079803737730575,24.079803737730575,24.079803737730575,,,,,384093388.0,384093388.0,384093388.0,384093388.0,0.0,0.0,0.0,0.0,0.0,0.0,0.0,0.0,0.0,0.0,0.0,0.0,674108504.0,674108504.0,674108504.0,674108504.0,179018512.0,179018512.0,179018512.0,179018512.0,0.0,0.0,0.0,0.0,372238940.0,372238940.0,372238940.0,372238940.0,1.0,92488934.0,384093388.0,24.079803737730575,24.079803737730575,86.1,136773632.0,7638831104.0
2024-06-09 20:17:54.414570,24.079803737730575,24.079803737730575,24.079803737730575,24.079803737730575,24.079803737730575,24.079803737730575,24.079803737730575,24.079803737730575,,,,,384093388.0,384093388.0,384093388.0,384093388.0,0.0,0.0,0.0,0.0,0.0,0.0,0.0,0.0,0.0,0.0,0.0,0.0,827050624.0,827050624.0,827050624.0,827050624.0,183682760.0,183682760.0,183682760.0,183682760.0,0.0,0.0,0.0,0.0,372238940.0,372238940.0,372238940.0,372238940.0,1.0,92488934.0,384093388.0,24.079803737730575,24.079803737730575,85.4,258834432.0,8039096320.0
2024-06-09 20:18:01.132956,24.079803737730575,24.079803737730575,24.079803737730575,24.079803737730575,24.079803737730575,24.079803737730575,24.079803737730575,24.079803737730575,,,,,384093388.0,384093388.0,384093388.0,384093388.0,0.0,0.0,0.0,0.0,0.0,0.0,0.0,0.0,0.0,0.0,0.0,0.0,827050624.0,827050624.0,827050624.0,827050624.0,183682760.0,183682760.0,183682760.0,183682760.0,0.0,0.0,0.0,0.0,372238940.0,372238940.0,372238940.0,372238940.0,1.0,92488934.0,384093388.0,24.079803737730575,24.079803737730575,86.5,310853632.0,8033206272.0
2024-06-09 20:18:07.766579,24.079803737730575,24.079803737730575,24.079803737730575,24.079803737730575,24.079803737730575,24.079803737730575,24.079803737730575,24.079803737730575,,,,,384093388.0,384093388.0,384093388.0,384093388.0,0.0,0.0,0.0,0.0,0.0,0.0,0.0,0.0,0.0,0.0,0.0,0.0,827050624.0,827050624.0,827050624.0,827050624.0,183682760.0,183682760.0,183682760.0,183682760.0,0.0,0.0,0.0,0.0,372238940.0,372238940.0,372238940.0,372238940.0,1.0,92488934.0,384093388.0,24.079803737730575,24.079803737730575,84.7,357842944.0,8373805056.0
2024-06-09 20:18:14.093182,24.079803737730575,24.079803737730575,24.079803737730575,24.079803737730575,24.079803737730575,24.079803737730575,24.079803737730575,24.079803737730575,,,,,384093388.0,384093388.0,384093388.0,384093388.0,0.0,0.0,0.0,0.0,0.0,0.0,0.0,0.0,0.0,0.0,0.0,0.0,827050624.0,827050624.0,827050624.0,827050624.0,183682760.0,183682760.0,183682760.0,183682760.0,0.0,0.0,0.0,0.0,372238940.0,372238940.0,372238940.0,372238940.0,1.0,92488934.0,384093388.0,24.079803737730575,24.079803737730575,84.3,246824960.0,8677519360.0
2024-06-09 20:18:20.577215,24.079803737730575,24.079803737730575,24.079803737730575,24.079803737730575,24.079803737730575,24.079803737730575,24.079803737730575,24.079803737730575,,,,,384093388.0,384093388.0,384093388.0,384093388.0,0.0,0.0,0.0,0.0,0.0,0.0,0.0,0.0,0.0,0.0,0.0,0.0,827050624.0,827050624.0,827050624.0,827050624.0,183682760.0,183682760.0,183682760.0,183682760.0,0.0,0.0,0.0,0.0,372238940.0,372238940.0,372238940.0,372238940.0,1.0,92488934.0,384093388.0,24.079803737730575,24.079803737730575,84.6,421494784.0,8665374720.0
2024-06-09 20:18:26.846521,24.079803737730575,24.079803737730575,24.079803737730575,24.079803737730575,24.079803737730575,24.079803737730575,24.079803737730575,24.079803737730575,,,,,384093388.0,384093388.0,384093388.0,384093388.0,0.0,0.0,0.0,0.0,0.0,0.0,0.0,0.0,0.0,0.0,0.0,0.0,827050624.0,827050624.0,827050624.0,827050624.0,183682760.0,183682760.0,183682760.0,183682760.0,0.0,0.0,0.0,0.0,372238940.0,372238940.0,372238940.0,372238940.0,1.0,92488934.0,384093388.0,24.079803737730575,24.079803737730575,84.1,431489024.0,8752971776.0
2024-06-09 20:18:33.363398,24.079803737730575,24.079803737730575,24.079803737730575,24.079803737730575,24.079803737730575,24.079803737730575,24.079803737730575,24.079803737730575,,,,,384093388.0,384093388.0,384093388.0,384093388.0,0.0,0.0,0.0,0.0,0.0,0.0,0.0,0.0,0.0,0.0,0.0,0.0,827050624.0,827050624.0,827050624.0,827050624.0,183682760.0,183682760.0,183682760.0,183682760.0,0.0,0.0,0.0,0.0,372238940.0,372238940.0,372238940.0,372238940.0,1.0,92488934.0,384093388.0,24.079803737730575,24.079803737730575,83.6,436994048.0,8790106112.0
2024-06-09 20:18:39.966118,24.079803737730575,24.079803737730575,24.079803737730575,24.079803737730575,24.079803737730575,24.079803737730575,24.079803737730575,24.079803737730575,,,,,384093388.0,384093388.0,384093388.0,384093388.0,0.0,0.0,0.0,0.0,0.0,0.0,0.0,0.0,0.0,0.0,0.0,0.0,827050624.0,827050624.0,827050624.0,827050624.0,183682760.0,183682760.0,183682760.0,183682760.0,0.0,0.0,0.0,0.0,372238940.0,372238940.0,372238940.0,372238940.0,1.0,92488934.0,384093388.0,24.079803737730575,24.079803737730575,82.6,260784128.0,8838537216.0
2024-06-09 20:18:46.479623,24.079803737730575,24.079803737730575,24.079803737730575,24.079803737730575,24.079803737730575,24.079803737730575,24.079803737730575,24.079803737730575,,,,,384093388.0,384093388.0,384093388.0,384093388.0,0.0,0.0,0.0,0.0,0.0,0.0,0.0,0.0,0.0,0.0,0.0,0.0,827050624.0,827050624.0,827050624.0,827050624.0,183682760.0,183682760.0,183682760.0,183682760.0,0.0,0.0,0.0,0.0,372238940.0,372238940.0,372238940.0,372238940.0,1.0,92488934.0,384093388.0,24.079803737730575,24.079803737730575,83.1,421150720.0,8977698816.0
2024-06-09 20:18:52.887708,24.079803737730575,24.079803737730575,24.079803737730575,24.079803737730575,24.079803737730575,24.079803737730575,24.079803737730575,24.079803737730575,,,,,384093388.0,384093388.0,384093388.0,384093388.0,0.0,0.0,0.0,0.0,0.0,0.0,0.0,0.0,0.0,0.0,0.0,0.0,827050624.0,827050624.0,827050624.0,827050624.0,183682760.0,183682760.0,183682760.0,183682760.0,0.0,0.0,0.0,0.0,372238940.0,372238940.0,372238940.0,372238940.0,1.0,92488934.0,384093388.0,24.079803737730575,24.079803737730575,84.1,419168256.0,8900698112.0
2024-06-09 20:18:59.473695,24.079803737730575,24.079803737730575,24.079803737730575,24.079803737730575,24.079803737730575,24.079803737730575,24.079803737730575,24.079803737730575,,,,,384093388.0,384093388.0,384093388.0,384093388.0,0.0,0.0,0.0,0.0,0.0,0.0,0.0,0.0,0.0,0.0,0.0,0.0,827050624.0,827050624.0,827050624.0,827050624.0,183682760.0,183682760.0,183682760.0,183682760.0,0.0,0.0,0.0,0.0,372238940.0,372238940.0,372238940.0,372238940.0,1.0,92488934.0,384093388.0,24.079803737730575,24.079803737730575,84.1,429588480.0,8803737600.0
2024-06-09 20:19:06.071846,24.079803737730575,24.079803737730575,24.079803737730575,24.079803737730575,24.079803737730575,24.079803737730575,24.079803737730575,24.079803737730575,,,,,384093388.0,384093388.0,384093388.0,384093388.0,0.0,0.0,0.0,0.0,0.0,0.0,0.0,0.0,0.0,0.0,0.0,0.0,827050624.0,827050624.0,827050624.0,827050624.0,183682760.0,183682760.0,183682760.0,183682760.0,0.0,0.0,0.0,0.0,372238940.0,372238940.0,372238940.0,372238940.0,1.0,92488934.0,384093388.0,24.079803737730575,24.079803737730575,83.7,434159616.0,8983601152.0
2024-06-09 20:19:12.350315,24.079803737730575,24.079803737730575,24.079803737730575,24.079803737730575,24.079803737730575,24.079803737730575,24.079803737730575,24.079803737730575,,,,,384093388.0,384093388.0,384093388.0,384093388.0,0.0,0.0,0.0,0.0,0.0,0.0,0.0,0.0,0.0,0.0,0.0,0.0,827050624.0,827050624.0,827050624.0,827050624.0,183682760.0,183682760.0,183682760.0,183682760.0,0.0,0.0,0.0,0.0,372238940.0,372238940.0,372238940.0,372238940.0,1.0,92488934.0,384093388.0,24.079803737730575,24.079803737730575,84.2,329760768.0,8917381120.0
2024-06-09 20:19:18.729711,24.079803737730575,24.079803737730575,24.079803737730575,24.079803737730575,24.079803737730575,24.079803737730575,24.079803737730575,24.079803737730575,,,,,384093388.0,384093388.0,384093388.0,384093388.0,0.0,0.0,0.0,0.0,0.0,0.0,0.0,0.0,0.0,0.0,0.0,0.0,827050624.0,827050624.0,827050624.0,827050624.0,183682760.0,183682760.0,183682760.0,183682760.0,0.0,0.0,0.0,0.0,372238940.0,372238940.0,372238940.0,372238940.0,1.0,92488934.0,384093388.0,24.079803737730575,24.079803737730575,83.9,393297920.0,8871038976.0
2024-06-09 20:19:25.029899,24.079803737730575,24.079803737730575,24.079803737730575,24.079803737730575,24.079803737730575,24.079803737730575,24.079803737730575,24.079803737730575,,,,,384093388.0,384093388.0,384093388.0,384093388.0,0.0,0.0,0.0,0.0,0.0,0.0,0.0,0.0,0.0,0.0,0.0,0.0,827050624.0,827050624.0,827050624.0,827050624.0,183682760.0,183682760.0,183682760.0,183682760.0,0.0,0.0,0.0,0.0,372238940.0,372238940.0,372238940.0,372238940.0,1.0,92488934.0,384093388.0,24.079803737730575,24.079803737730575,84.0,381501440.0,8862380032.0
2024-06-09 20:19:31.393272,24.079803737730575,24.079803737730575,24.079803737730575,24.079803737730575,24.079803737730575,24.079803737730575,24.079803737730575,24.079803737730575,,,,,384093388.0,384093388.0,384093388.0,384093388.0,0.0,0.0,0.0,0.0,0.0,0.0,0.0,0.0,0.0,0.0,0.0,0.0,827050624.0,827050624.0,827050624.0,827050624.0,183682760.0,183682760.0,183682760.0,183682760.0,0.0,0.0,0.0,0.0,372238940.0,372238940.0,372238940.0,372238940.0,1.0,92488934.0,384093388.0,24.079803737730575,24.079803737730575,84.2,431915008.0,8638619648.0
2024-06-09 20:19:37.655671,24.079803737730575,24.079803737730575,24.079803737730575,24.079803737730575,24.079803737730575,24.079803737730575,24.079803737730575,24.079803737730575,,,,,384093388.0,384093388.0,384093388.0,384093388.0,0.0,0.0,0.0,0.0,0.0,0.0,0.0,0.0,0.0,0.0,0.0,0.0,827050624.0,827050624.0,827050624.0,827050624.0,183682760.0,183682760.0,183682760.0,183682760.0,0.0,0.0,0.0,0.0,372238940.0,372238940.0,372238940.0,372238940.0,1.0,92488934.0,384093388.0,24.079803737730575,24.079803737730575,84.6,447709184.0,8530325504.0
2024-06-09 20:19:43.995750,24.079803737730575,24.079803737730575,24.079803737730575,24.079803737730575,24.079803737730575,24.079803737730575,24.079803737730575,24.079803737730575,,,,,384093388.0,384093388.0,384093388.0,384093388.0,0.0,0.0,0.0,0.0,0.0,0.0,0.0,0.0,0.0,0.0,0.0,0.0,827050624.0,827050624.0,827050624.0,827050624.0,183682760.0,183682760.0,183682760.0,183682760.0,0.0,0.0,0.0,0.0,372238940.0,372238940.0,372238940.0,372238940.0,1.0,92488934.0,384093388.0,24.079803737730575,24.079803737730575,84.8,439894016.0,8491606016.0
2024-06-09 20:19:50.270167,24.079803737730575,24.079803737730575,24.079803737730575,24.079803737730575,24.079803737730575,24.079803737730575,24.079803737730575,24.079803737730575,,,,,384093388.0,384093388.0,384093388.0,384093388.0,0.0,0.0,0.0,0.0,0.0,0.0,0.0,0.0,0.0,0.0,0.0,0.0,827050624.0,827050624.0,827050624.0,827050624.0,183682760.0,183682760.0,183682760.0,183682760.0,0.0,0.0,0.0,0.0,372238940.0,372238940.0,372238940.0,372238940.0,1.0,92488934.0,384093388.0,24.079803737730575,24.079803737730575,84.9,381190144.0,8385499136.0
2024-06-09 20:19:56.639328,24.079803737730575,24.079803737730575,24.079803737730575,24.079803737730575,24.079803737730575,24.079803737730575,24.079803737730575,24.079803737730575,,,,,384093388.0,384093388.0,384093388.0,384093388.0,0.0,0.0,0.0,0.0,0.0,0.0,0.0,0.0,0.0,0.0,0.0,0.0,827050624.0,827050624.0,827050624.0,827050624.0,183682760.0,183682760.0,183682760.0,183682760.0,0.0,0.0,0.0,0.0,372238940.0,372238940.0,372238940.0,372238940.0,1.0,92488934.0,384093388.0,24.079803737730575,24.079803737730575,84.8,426704896.0,8450727936.0
2024-06-09 20:20:02.986710,24.079803737730575,24.079803737730575,24.079803737730575,24.079803737730575,24.079803737730575,24.079803737730575,24.079803737730575,24.079803737730575,,,,,384093388.0,384093388.0,384093388.0,384093388.0,0.0,0.0,0.0,0.0,0.0,0.0,0.0,0.0,0.0,0.0,0.0,0.0,827050624.0,827050624.0,827050624.0,827050624.0,183682760.0,183682760.0,183682760.0,183682760.0,0.0,0.0,0.0,0.0,372238940.0,372238940.0,372238940.0,372238940.0,1.0,92488934.0,384093388.0,24.079803737730575,24.079803737730575,85.5,418512896.0,8172314624.0
2024-06-09 20:20:09.485709,24.079803737730575,24.079803737730575,24.079803737730575,24.079803737730575,24.079803737730575,24.079803737730575,24.079803737730575,24.079803737730575,,,,,384093388.0,384093388.0,384093388.0,384093388.0,0.0,0.0,0.0,0.0,0.0,0.0,0.0,0.0,0.0,0.0,0.0,0.0,827050624.0,827050624.0,827050624.0,827050624.0,183682760.0,183682760.0,183682760.0,183682760.0,0.0,0.0,0.0,0.0,372238940.0,372238940.0,372238940.0,372238940.0,1.0,92488934.0,384093388.0,24.079803737730575,24.079803737730575,84.6,418103296.0,8574169088.0
2024-06-09 20:20:15.904875,24.079803737730575,24.079803737730575,24.079803737730575,24.079803737730575,24.079803737730575,24.079803737730575,24.079803737730575,24.079803737730575,,,,,384093388.0,384093388.0,384093388.0,384093388.0,0.0,0.0,0.0,0.0,0.0,0.0,0.0,0.0,0.0,0.0,0.0,0.0,827050624.0,827050624.0,827050624.0,827050624.0,183682760.0,183682760.0,183682760.0,183682760.0,0.0,0.0,0.0,0.0,372238940.0,372238940.0,372238940.0,372238940.0,1.0,92488934.0,384093388.0,24.079803737730575,24.079803737730575,83.3,252461056.0,8953729024.0
2024-06-09 20:20:22.305156,24.079803737730575,24.079803737730575,24.079803737730575,24.079803737730575,24.079803737730575,24.079803737730575,24.079803737730575,24.079803737730575,,,,,384093388.0,384093388.0,384093388.0,384093388.0,0.0,0.0,0.0,0.0,0.0,0.0,0.0,0.0,0.0,0.0,0.0,0.0,827050624.0,827050624.0,827050624.0,827050624.0,183682760.0,183682760.0,183682760.0,183682760.0,0.0,0.0,0.0,0.0,372238940.0,372238940.0,372238940.0,372238940.0,1.0,92488934.0,384093388.0,24.079803737730575,24.079803737730575,83.6,411779072.0,8858808320.0
2024-06-09 20:20:28.553130,24.079803737730575,24.079803737730575,24.079803737730575,24.079803737730575,24.079803737730575,24.079803737730575,24.079803737730575,24.079803737730575,,,,,384093388.0,384093388.0,384093388.0,384093388.0,0.0,0.0,0.0,0.0,0.0,0.0,0.0,0.0,0.0,0.0,0.0,0.0,827050624.0,827050624.0,827050624.0,827050624.0,183682760.0,183682760.0,183682760.0,183682760.0,0.0,0.0,0.0,0.0,372238940.0,372238940.0,372238940.0,372238940.0,1.0,92488934.0,384093388.0,24.079803737730575,24.079803737730575,83.8,443875328.0,8857329664.0
2024-06-09 20:20:34.909559,24.079803737730575,24.079803737730575,24.079803737730575,24.079803737730575,24.079803737730575,24.079803737730575,24.079803737730575,24.079803737730575,,,,,384093388.0,384093388.0,384093388.0,384093388.0,0.0,0.0,0.0,0.0,0.0,0.0,0.0,0.0,0.0,0.0,0.0,0.0,827050624.0,827050624.0,827050624.0,827050624.0,183682760.0,183682760.0,183682760.0,183682760.0,0.0,0.0,0.0,0.0,372238940.0,372238940.0,372238940.0,372238940.0,1.0,92488934.0,384093388.0,24.079803737730575,24.079803737730575,83.6,375717888.0,8779968512.0
2024-06-09 20:20:41.155393,24.079803737730575,24.079803737730575,24.079803737730575,24.079803737730575,24.079803737730575,24.079803737730575,24.079803737730575,24.079803737730575,,,,,384093388.0,384093388.0,384093388.0,384093388.0,0.0,0.0,0.0,0.0,0.0,0.0,0.0,0.0,0.0,0.0,0.0,0.0,827050624.0,827050624.0,827050624.0,827050624.0,183682760.0,183682760.0,183682760.0,183682760.0,0.0,0.0,0.0,0.0,372238940.0,372238940.0,372238940.0,372238940.0,1.0,92488934.0,384093388.0,24.079803737730575,24.079803737730575,83.8,440762368.0,8766889984.0
2024-06-09 20:20:47.496693,24.079803737730575,24.079803737730575,24.079803737730575,24.079803737730575,24.079803737730575,24.079803737730575,24.079803737730575,24.079803737730575,,,,,384093388.0,384093388.0,384093388.0,384093388.0,0.0,0.0,0.0,0.0,0.0,0.0,0.0,0.0,0.0,0.0,0.0,0.0,827050624.0,827050624.0,827050624.0,827050624.0,183682760.0,183682760.0,183682760.0,183682760.0,0.0,0.0,0.0,0.0,372238940.0,372238940.0,372238940.0,372238940.0,1.0,92488934.0,384093388.0,24.079803737730575,24.079803737730575,83.7,446480384.0,8581746688.0
2024-06-09 20:20:53.733215,24.079803737730575,24.079803737730575,24.079803737730575,24.079803737730575,24.079803737730575,24.079803737730575,24.079803737730575,24.079803737730575,,,,,384093388.0,384093388.0,384093388.0,384093388.0,0.0,0.0,0.0,0.0,0.0,0.0,0.0,0.0,0.0,0.0,0.0,0.0,827050624.0,827050624.0,827050624.0,827050624.0,183682760.0,183682760.0,183682760.0,183682760.0,0.0,0.0,0.0,0.0,372238940.0,372238940.0,372238940.0,372238940.0,1.0,92488934.0,384093388.0,24.079803737730575,24.079803737730575,83.9,449282048.0,8661254144.0
2024-06-09 20:21:00.128411,24.079803737730575,24.079803737730575,24.079803737730575,24.079803737730575,24.079803737730575,24.079803737730575,24.079803737730575,24.079803737730575,,,,,384093388.0,384093388.0,384093388.0,384093388.0,0.0,0.0,0.0,0.0,0.0,0.0,0.0,0.0,0.0,0.0,0.0,0.0,827050624.0,827050624.0,827050624.0,827050624.0,183682760.0,183682760.0,183682760.0,183682760.0,0.0,0.0,0.0,0.0,372238940.0,372238940.0,372238940.0,372238940.0,1.0,92488934.0,384093388.0,24.079803737730575,24.079803737730575,84.2,455245824.0,8668401664.0
2024-06-09 20:21:06.391346,24.079803737730575,24.079803737730575,24.079803737730575,24.079803737730575,24.079803737730575,24.079803737730575,24.079803737730575,24.079803737730575,,,,,384093388.0,384093388.0,384093388.0,384093388.0,0.0,0.0,0.0,0.0,0.0,0.0,0.0,0.0,0.0,0.0,0.0,0.0,827050624.0,827050624.0,827050624.0,827050624.0,183682760.0,183682760.0,183682760.0,183682760.0,0.0,0.0,0.0,0.0,372238940.0,372238940.0,372238940.0,372238940.0,1.0,92488934.0,384093388.0,24.079803737730575,24.079803737730575,83.8,366264320.0,8741142528.0
2024-06-09 20:21:13.126685,24.079803737730575,24.079803737730575,24.079803737730575,24.079803737730575,24.079803737730575,24.079803737730575,24.079803737730575,24.079803737730575,,,,,384093388.0,384093388.0,384093388.0,384093388.0,0.0,0.0,0.0,0.0,0.0,0.0,0.0,0.0,0.0,0.0,0.0,0.0,827050624.0,827050624.0,827050624.0,827050624.0,183682760.0,183682760.0,183682760.0,183682760.0,0.0,0.0,0.0,0.0,372238940.0,372238940.0,372238940.0,372238940.0,1.0,92488934.0,384093388.0,24.079803737730575,24.079803737730575,82.9,390397952.0,9102622720.0
2024-06-09 20:21:19.384424,24.079803737730575,24.079803737730575,24.079803737730575,24.079803737730575,24.079803737730575,24.079803737730575,24.079803737730575,24.079803737730575,,,,,384093388.0,384093388.0,384093388.0,384093388.0,0.0,0.0,0.0,0.0,0.0,0.0,0.0,0.0,0.0,0.0,0.0,0.0,827050624.0,827050624.0,827050624.0,827050624.0,183682760.0,183682760.0,183682760.0,183682760.0,0.0,0.0,0.0,0.0,372238940.0,372238940.0,372238940.0,372238940.0,1.0,92488934.0,384093388.0,24.079803737730575,24.079803737730575,83.6,287555584.0,8677548032.0
2024-06-09 20:21:25.872869,24.079803737730575,24.079803737730575,24.079803737730575,24.079803737730575,24.079803737730575,24.079803737730575,24.079803737730575,24.079803737730575,,,,,384093388.0,384093388.0,384093388.0,384093388.0,0.0,0.0,0.0,0.0,0.0,0.0,0.0,0.0,0.0,0.0,0.0,0.0,827050624.0,827050624.0,827050624.0,827050624.0,183682760.0,183682760.0,183682760.0,183682760.0,0.0,0.0,0.0,0.0,372238940.0,372238940.0,372238940.0,372238940.0,1.0,92488934.0,384093388.0,24.079803737730575,24.079803737730575,84.0,407601152.0,8259969024.0
2024-06-09 20:21:32.309994,24.079803737730575,24.079803737730575,24.079803737730575,24.079803737730575,24.079803737730575,24.079803737730575,24.079803737730575,24.079803737730575,,,,,384093388.0,384093388.0,384093388.0,384093388.0,0.0,0.0,0.0,0.0,0.0,0.0,0.0,0.0,0.0,0.0,0.0,0.0,827050624.0,827050624.0,827050624.0,827050624.0,183682760.0,183682760.0,183682760.0,183682760.0,0.0,0.0,0.0,0.0,372238940.0,372238940.0,372238940.0,372238940.0,1.0,92488934.0,384093388.0,24.079803737730575,24.079803737730575,84.3,427196416.0,8139915264.0
2024-06-09 20:21:38.753543,24.079803737730575,24.079803737730575,24.079803737730575,24.079803737730575,24.079803737730575,24.079803737730575,24.079803737730575,24.079803737730575,,,,,384093388.0,384093388.0,384093388.0,384093388.0,0.0,0.0,0.0,0.0,0.0,0.0,0.0,0.0,0.0,0.0,0.0,0.0,827050624.0,827050624.0,827050624.0,827050624.0,183682760.0,183682760.0,183682760.0,183682760.0,0.0,0.0,0.0,0.0,372238940.0,372238940.0,372238940.0,372238940.0,1.0,92488934.0,384093388.0,24.079803737730575,24.079803737730575,85.1,423903232.0,8070094848.0
2024-06-09 20:21:45.142942,24.079803737730575,24.079803737730575,24.079803737730575,24.079803737730575,24.079803737730575,24.079803737730575,24.079803737730575,24.079803737730575,,,,,384093388.0,384093388.0,384093388.0,384093388.0,0.0,0.0,0.0,0.0,0.0,0.0,0.0,0.0,0.0,0.0,0.0,0.0,827050624.0,827050624.0,827050624.0,827050624.0,183682760.0,183682760.0,183682760.0,183682760.0,0.0,0.0,0.0,0.0,372238940.0,372238940.0,372238940.0,372238940.0,1.0,92488934.0,384093388.0,24.079803737730575,24.079803737730575,84.6,427966464.0,8286752768.0
2024-06-09 20:21:51.409054,24.079803737730575,24.079803737730575,24.079803737730575,24.079803737730575,24.079803737730575,24.079803737730575,24.079803737730575,24.079803737730575,,,,,384093388.0,384093388.0,384093388.0,384093388.0,0.0,0.0,0.0,0.0,0.0,0.0,0.0,0.0,0.0,0.0,0.0,0.0,827050624.0,827050624.0,827050624.0,827050624.0,183682760.0,183682760.0,183682760.0,183682760.0,0.0,0.0,0.0,0.0,372238940.0,372238940.0,372238940.0,372238940.0,1.0,92488934.0,384093388.0,24.079803737730575,24.079803737730575,84.6,445317120.0,8192057344.0
2024-06-09 20:21:57.759610,24.079803737730575,24.079803737730575,24.079803737730575,24.079803737730575,24.079803737730575,24.079803737730575,24.079803737730575,24.079803737730575,,,,,384093388.0,384093388.0,384093388.0,384093388.0,0.0,0.0,0.0,0.0,0.0,0.0,0.0,0.0,0.0,0.0,0.0,0.0,827050624.0,827050624.0,827050624.0,827050624.0,183682760.0,183682760.0,183682760.0,183682760.0,0.0,0.0,0.0,0.0,372238940.0,372238940.0,372238940.0,372238940.0,1.0,92488934.0,384093388.0,24.079803737730575,24.079803737730575,84.6,449363968.0,8279408640.0
2024-06-09 20:22:04.026990,24.079803737730575,24.079803737730575,24.079803737730575,24.079803737730575,24.079803737730575,24.079803737730575,24.079803737730575,24.079803737730575,,,,,384093388.0,384093388.0,384093388.0,384093388.0,0.0,0.0,0.0,0.0,0.0,0.0,0.0,0.0,0.0,0.0,0.0,0.0,827050624.0,827050624.0,827050624.0,827050624.0,183682760.0,183682760.0,183682760.0,183682760.0,0.0,0.0,0.0,0.0,372238940.0,372238940.0,372238940.0,372238940.0,1.0,92488934.0,384093388.0,24.079803737730575,24.079803737730575,85.1,450985984.0,8229433344.0
2024-06-09 20:22:10.429301,24.079803737730575,24.079803737730575,24.079803737730575,24.079803737730575,24.079803737730575,24.079803737730575,24.079803737730575,24.079803737730575,,,,,384093388.0,384093388.0,384093388.0,384093388.0,0.0,0.0,0.0,0.0,0.0,0.0,0.0,0.0,0.0,0.0,0.0,0.0,827050624.0,827050624.0,827050624.0,827050624.0,183682760.0,183682760.0,183682760.0,183682760.0,0.0,0.0,0.0,0.0,372238940.0,372238940.0,372238940.0,372238940.0,1.0,92488934.0,384093388.0,24.079803737730575,24.079803737730575,84.1,423149568.0,8778891264.0
2024-06-09 20:22:16.736436,24.079803737730575,24.079803737730575,24.079803737730575,24.079803737730575,24.079803737730575,24.079803737730575,24.079803737730575,24.079803737730575,,,,,384093388.0,384093388.0,384093388.0,384093388.0,0.0,0.0,0.0,0.0,0.0,0.0,0.0,0.0,0.0,0.0,0.0,0.0,827050624.0,827050624.0,827050624.0,827050624.0,183682760.0,183682760.0,183682760.0,183682760.0,0.0,0.0,0.0,0.0,372238940.0,372238940.0,372238940.0,372238940.0,1.0,92488934.0,384093388.0,24.079803737730575,24.079803737730575,83.8,433373184.0,8799997952.0
2024-06-09 20:22:23.293070,24.079803737730575,24.079803737730575,24.079803737730575,24.079803737730575,24.079803737730575,24.079803737730575,24.079803737730575,24.079803737730575,,,,,384093388.0,384093388.0,384093388.0,384093388.0,0.0,0.0,0.0,0.0,0.0,0.0,0.0,0.0,0.0,0.0,0.0,0.0,827050624.0,827050624.0,827050624.0,827050624.0,183682760.0,183682760.0,183682760.0,183682760.0,0.0,0.0,0.0,0.0,372238940.0,372238940.0,372238940.0,372238940.0,1.0,92488934.0,384093388.0,24.079803737730575,24.079803737730575,83.8,338427904.0,8713908224.0
2024-06-09 20:22:29.791373,24.079803737730575,24.079803737730575,24.079803737730575,24.079803737730575,24.079803737730575,24.079803737730575,24.079803737730575,24.079803737730575,,,,,384093388.0,384093388.0,384093388.0,384093388.0,0.0,0.0,0.0,0.0,0.0,0.0,0.0,0.0,0.0,0.0,0.0,0.0,827050624.0,827050624.0,827050624.0,827050624.0,183682760.0,183682760.0,183682760.0,183682760.0,0.0,0.0,0.0,0.0,372238940.0,372238940.0,372238940.0,372238940.0,1.0,92488934.0,384093388.0,24.079803737730575,24.079803737730575,84.1,405553152.0,8721653760.0
2024-06-09 20:22:36.138584,24.079803737730575,24.079803737730575,24.079803737730575,24.079803737730575,24.079803737730575,24.079803737730575,24.079803737730575,24.079803737730575,,,,,384093388.0,384093388.0,384093388.0,384093388.0,0.0,0.0,0.0,0.0,0.0,0.0,0.0,0.0,0.0,0.0,0.0,0.0,827050624.0,827050624.0,827050624.0,827050624.0,183682760.0,183682760.0,183682760.0,183682760.0,0.0,0.0,0.0,0.0,372238940.0,372238940.0,372238940.0,372238940.0,1.0,92488934.0,384093388.0,24.079803737730575,24.079803737730575,84.5,428392448.0,8447614976.0
2024-06-09 20:22:42.599095,24.079803737730575,24.079803737730575,24.079803737730575,24.079803737730575,24.079803737730575,24.079803737730575,24.079803737730575,24.079803737730575,,,,,384093388.0,384093388.0,384093388.0,384093388.0,0.0,0.0,0.0,0.0,0.0,0.0,0.0,0.0,0.0,0.0,0.0,0.0,827050624.0,827050624.0,827050624.0,827050624.0,183682760.0,183682760.0,183682760.0,183682760.0,0.0,0.0,0.0,0.0,372238940.0,372238940.0,372238940.0,372238940.0,1.0,92488934.0,384093388.0,24.079803737730575,24.079803737730575,84.6,422805504.0,8395198464.0
2024-06-09 20:22:48.911004,24.079803737730575,24.079803737730575,24.079803737730575,24.079803737730575,24.079803737730575,24.079803737730575,24.079803737730575,24.079803737730575,,,,,384093388.0,384093388.0,384093388.0,384093388.0,0.0,0.0,0.0,0.0,0.0,0.0,0.0,0.0,0.0,0.0,0.0,0.0,827050624.0,827050624.0,827050624.0,827050624.0,183682760.0,183682760.0,183682760.0,183682760.0,0.0,0.0,0.0,0.0,372238940.0,372238940.0,372238940.0,372238940.0,1.0,92488934.0,384093388.0,24.079803737730575,24.079803737730575,84.6,440172544.0,8369459200.0
2024-06-09 20:22:55.311107,24.079803737730575,24.079803737730575,24.079803737730575,24.079803737730575,24.079803737730575,24.079803737730575,24.079803737730575,24.079803737730575,,,,,384093388.0,384093388.0,384093388.0,384093388.0,0.0,0.0,0.0,0.0,0.0,0.0,0.0,0.0,0.0,0.0,0.0,0.0,827050624.0,827050624.0,827050624.0,827050624.0,183682760.0,183682760.0,183682760.0,183682760.0,0.0,0.0,0.0,0.0,372238940.0,372238940.0,372238940.0,372238940.0,1.0,92488934.0,384093388.0,24.079803737730575,24.079803737730575,84.5,425246720.0,8270958592.0
2024-06-09 20:23:01.595566,24.079803737730575,24.079803737730575,24.079803737730575,24.079803737730575,24.079803737730575,24.079803737730575,24.079803737730575,24.079803737730575,,,,,384093388.0,384093388.0,384093388.0,384093388.0,0.0,0.0,0.0,0.0,0.0,0.0,0.0,0.0,0.0,0.0,0.0,0.0,827050624.0,827050624.0,827050624.0,827050624.0,183682760.0,183682760.0,183682760.0,183682760.0,0.0,0.0,0.0,0.0,372238940.0,372238940.0,372238940.0,372238940.0,1.0,92488934.0,384093388.0,24.079803737730575,24.079803737730575,85.1,458096640.0,8374616064.0
2024-06-09 20:23:08.136096,24.079803737730575,24.079803737730575,24.079803737730575,24.079803737730575,24.079803737730575,24.079803737730575,24.079803737730575,24.079803737730575,,,,,384093388.0,384093388.0,384093388.0,384093388.0,0.0,0.0,0.0,0.0,0.0,0.0,0.0,0.0,0.0,0.0,0.0,0.0,827050624.0,827050624.0,827050624.0,827050624.0,183682760.0,183682760.0,183682760.0,183682760.0,0.0,0.0,0.0,0.0,372238940.0,372238940.0,372238940.0,372238940.0,1.0,92488934.0,384093388.0,24.079803737730575,24.079803737730575,84.6,414138368.0,8515284992.0
2024-06-09 20:23:14.491354,24.079803737730575,24.079803737730575,24.079803737730575,24.079803737730575,24.079803737730575,24.079803737730575,24.079803737730575,24.079803737730575,,,,,384093388.0,384093388.0,384093388.0,384093388.0,0.0,0.0,0.0,0.0,0.0,0.0,0.0,0.0,0.0,0.0,0.0,0.0,827050624.0,827050624.0,827050624.0,827050624.0,183682760.0,183682760.0,183682760.0,183682760.0,0.0,0.0,0.0,0.0,372238940.0,372238940.0,372238940.0,372238940.0,1.0,92488934.0,384093388.0,24.079803737730575,24.079803737730575,84.0,327548928.0,8687280128.0
2024-06-09 20:23:20.955812,24.079803737730575,24.079803737730575,24.079803737730575,24.079803737730575,24.079803737730575,24.079803737730575,24.079803737730575,24.079803737730575,,,,,384093388.0,384093388.0,384093388.0,384093388.0,0.0,0.0,0.0,0.0,0.0,0.0,0.0,0.0,0.0,0.0,0.0,0.0,827050624.0,827050624.0,827050624.0,827050624.0,183682760.0,183682760.0,183682760.0,183682760.0,0.0,0.0,0.0,0.0,372238940.0,372238940.0,372238940.0,372238940.0,1.0,92488934.0,384093388.0,24.079803737730575,24.079803737730575,83.4,381812736.0,9082228736.0
2024-06-09 20:23:27.391989,24.079803737730575,24.079803737730575,24.079803737730575,24.079803737730575,24.079803737730575,24.079803737730575,24.079803737730575,24.079803737730575,,,,,384093388.0,384093388.0,384093388.0,384093388.0,0.0,0.0,0.0,0.0,0.0,0.0,0.0,0.0,0.0,0.0,0.0,0.0,827050624.0,827050624.0,827050624.0,827050624.0,183682760.0,183682760.0,183682760.0,183682760.0,0.0,0.0,0.0,0.0,372238940.0,372238940.0,372238940.0,372238940.0,1.0,92488934.0,384093388.0,24.079803737730575,24.079803737730575,83.5,422182912.0,8657661952.0
2024-06-09 20:23:33.704189,24.079803737730575,24.079803737730575,24.079803737730575,24.079803737730575,24.079803737730575,24.079803737730575,24.079803737730575,24.079803737730575,,,,,384093388.0,384093388.0,384093388.0,384093388.0,0.0,0.0,0.0,0.0,0.0,0.0,0.0,0.0,0.0,0.0,0.0,0.0,827050624.0,827050624.0,827050624.0,827050624.0,183682760.0,183682760.0,183682760.0,183682760.0,0.0,0.0,0.0,0.0,372238940.0,372238940.0,372238940.0,372238940.0,1.0,92488934.0,384093388.0,24.079803737730575,24.079803737730575,83.9,416219136.0,8587816960.0
2024-06-09 20:23:40.120893,24.079803737730575,24.079803737730575,24.079803737730575,24.079803737730575,24.079803737730575,24.079803737730575,24.079803737730575,24.079803737730575,,,,,384093388.0,384093388.0,384093388.0,384093388.0,0.0,0.0,0.0,0.0,0.0,0.0,0.0,0.0,0.0,0.0,0.0,0.0,829874008.0,829874008.0,829874008.0,829874008.0,183682760.0,183682760.0,183682760.0,183682760.0,0.0,0.0,0.0,0.0,372238940.0,372238940.0,372238940.0,372238940.0,1.0,92488934.0,384093388.0,24.079803737730575,24.079803737730575,83.5,422215680.0,8711917568.0
2024-06-09 20:23:46.437206,24.079803737730575,24.079803737730575,24.079803737730575,24.079803737730575,24.079803737730575,24.079803737730575,24.079803737730575,24.079803737730575,,,,,384093388.0,384093388.0,384093388.0,384093388.0,0.0,0.0,0.0,0.0,0.0,0.0,0.0,0.0,0.0,0.0,0.0,0.0,829874008.0,829874008.0,829874008.0,829874008.0,183682760.0,183682760.0,183682760.0,183682760.0,0.0,0.0,0.0,0.0,372238940.0,372238940.0,372238940.0,372238940.0,1.0,92488934.0,384093388.0,24.079803737730575,24.079803737730575,83.5,443924480.0,8473014272.0
2024-06-09 20:23:52.852228,24.079803737730575,24.079803737730575,24.079803737730575,24.079803737730575,24.079803737730575,24.079803737730575,24.079803737730575,24.079803737730575,,,,,384093388.0,384093388.0,384093388.0,384093388.0,0.0,0.0,0.0,0.0,0.0,0.0,0.0,0.0,0.0,0.0,0.0,0.0,835546488.0,835546488.0,835546488.0,835546488.0,183682760.0,183682760.0,183682760.0,183682760.0,0.0,0.0,0.0,0.0,372238940.0,372238940.0,372238940.0,372238940.0,1.0,92488934.0,384093388.0,24.079803737730575,24.079803737730575,83.8,446480384.0,8481251328.0
2024-06-09 20:23:59.298503,24.079803737730575,24.079803737730575,24.079803737730575,24.079803737730575,24.079803737730575,24.079803737730575,24.079803737730575,24.079803737730575,,,,,384093388.0,384093388.0,384093388.0,384093388.0,0.0,0.0,0.0,0.0,0.0,0.0,0.0,0.0,0.0,0.0,0.0,0.0,838184704.0,838184704.0,838184704.0,838184704.0,183682760.0,183682760.0,183682760.0,183682760.0,0.0,0.0,0.0,0.0,372238940.0,372238940.0,372238940.0,372238940.0,1.0,92488934.0,384093388.0,24.079803737730575,24.079803737730575,83.4,442449920.0,8498130944.0
2024-06-09 20:24:05.630114,24.079803737730575,24.079803737730575,24.079803737730575,24.079803737730575,24.079803737730575,24.079803737730575,24.079803737730575,24.079803737730575,,,,,384093388.0,384093388.0,384093388.0,384093388.0,0.0,0.0,0.0,0.0,0.0,0.0,0.0,0.0,0.0,0.0,0.0,0.0,838184704.0,838184704.0,838184704.0,838184704.0,183682760.0,183682760.0,183682760.0,183682760.0,0.0,0.0,0.0,0.0,372238940.0,372238940.0,372238940.0,372238940.0,1.0,92488934.0,384093388.0,24.079803737730575,24.079803737730575,83.9,445923328.0,8389701632.0
2024-06-09 20:24:12.112192,24.079803737730575,24.079803737730575,24.079803737730575,24.079803737730575,24.079803737730575,24.079803737730575,24.079803737730575,24.079803737730575,,,,,384093388.0,384093388.0,384093388.0,384093388.0,0.0,0.0,0.0,0.0,0.0,0.0,0.0,0.0,0.0,0.0,0.0,0.0,843814640.0,843814640.0,843814640.0,843814640.0,183682760.0,183682760.0,183682760.0,183682760.0,0.0,0.0,0.0,0.0,372238940.0,372238940.0,372238940.0,372238940.0,1.0,92488934.0,384093388.0,24.079803737730575,24.079803737730575,83.3,374276096.0,8698175488.0
2024-06-09 20:24:18.436656,24.079803737730575,24.079803737730575,24.079803737730575,24.079803737730575,24.079803737730575,24.079803737730575,24.079803737730575,24.079803737730575,,,,,384093388.0,384093388.0,384093388.0,384093388.0,0.0,0.0,0.0,0.0,0.0,0.0,0.0,0.0,0.0,0.0,0.0,0.0,846659752.0,846659752.0,846659752.0,846659752.0,183682760.0,183682760.0,183682760.0,183682760.0,0.0,0.0,0.0,0.0,372238940.0,372238940.0,372238940.0,372238940.0,1.0,92488934.0,384093388.0,24.079803737730575,24.079803737730575,83.2,389922816.0,8565727232.0
2024-06-09 20:24:24.983794,24.079803737730575,24.079803737730575,24.079803737730575,24.079803737730575,24.079803737730575,24.079803737730575,24.079803737730575,24.079803737730575,,,,,384093388.0,384093388.0,384093388.0,384093388.0,0.0,0.0,0.0,0.0,0.0,0.0,0.0,0.0,0.0,0.0,0.0,0.0,846659752.0,846659752.0,846659752.0,846659752.0,183682760.0,183682760.0,183682760.0,183682760.0,0.0,0.0,0.0,0.0,372238940.0,372238940.0,372238940.0,372238940.0,1.0,92488934.0,384093388.0,24.079803737730575,24.079803737730575,83.1,416497664.0,8818307072.0
2024-06-09 20:24:31.325707,24.079803737730575,24.079803737730575,24.079803737730575,24.079803737730575,24.079803737730575,24.079803737730575,24.079803737730575,24.079803737730575,,,,,384093388.0,384093388.0,384093388.0,384093388.0,0.0,0.0,0.0,0.0,0.0,0.0,0.0,0.0,0.0,0.0,0.0,0.0,852169952.0,852169952.0,852169952.0,852169952.0,183682760.0,183682760.0,183682760.0,183682760.0,0.0,0.0,0.0,0.0,372238940.0,372238940.0,372238940.0,372238940.0,1.0,92488934.0,384093388.0,24.079803737730575,24.079803737730575,83.5,406470656.0,8801480704.0
2024-06-09 20:24:37.873381,24.079803737730575,24.079803737730575,24.079803737730575,24.079803737730575,24.079803737730575,24.079803737730575,24.079803737730575,24.079803737730575,,,,,384093388.0,384093388.0,384093388.0,384093388.0,0.0,0.0,0.0,0.0,0.0,0.0,0.0,0.0,0.0,0.0,0.0,0.0,852169952.0,852169952.0,852169952.0,852169952.0,183682760.0,183682760.0,183682760.0,183682760.0,0.0,0.0,0.0,0.0,372238940.0,372238940.0,372238940.0,372238940.0,1.0,92488934.0,384093388.0,24.079803737730575,24.079803737730575,83.6,427081728.0,8650919936.0
2024-06-09 20:24:44.328548,24.079803737730575,24.079803737730575,24.079803737730575,24.079803737730575,24.079803737730575,24.079803737730575,24.079803737730575,24.079803737730575,,,,,384093388.0,384093388.0,384093388.0,384093388.0,0.0,0.0,0.0,0.0,0.0,0.0,0.0,0.0,0.0,0.0,0.0,0.0,855467888.0,855467888.0,855467888.0,855467888.0,183682760.0,183682760.0,183682760.0,183682760.0,0.0,0.0,0.0,0.0,372238940.0,372238940.0,372238940.0,372238940.0,1.0,92488934.0,384093388.0,24.079803737730575,24.079803737730575,83.6,445857792.0,8650113024.0
2024-06-09 20:24:50.666771,24.079803737730575,24.079803737730575,24.079803737730575,24.079803737730575,24.079803737730575,24.079803737730575,24.079803737730575,24.079803737730575,,,,,384093388.0,384093388.0,384093388.0,384093388.0,0.0,0.0,0.0,0.0,0.0,0.0,0.0,0.0,0.0,0.0,0.0,0.0,860449672.0,860449672.0,860449672.0,860449672.0,183682760.0,183682760.0,183682760.0,183682760.0,0.0,0.0,0.0,0.0,372238940.0,372238940.0,372238940.0,372238940.0,1.0,92488934.0,384093388.0,24.079803737730575,24.079803737730575,83.8,425885696.0,8585842688.0
2024-06-09 20:24:57.120417,24.079803737730575,24.079803737730575,24.079803737730575,24.079803737730575,24.079803737730575,24.079803737730575,24.079803737730575,24.079803737730575,,,,,384093388.0,384093388.0,384093388.0,384093388.0,0.0,0.0,0.0,0.0,0.0,0.0,0.0,0.0,0.0,0.0,0.0,0.0,860449672.0,860449672.0,860449672.0,860449672.0,183682760.0,183682760.0,183682760.0,183682760.0,0.0,0.0,0.0,0.0,372238940.0,372238940.0,372238940.0,372238940.0,1.0,92488934.0,384093388.0,24.079803737730575,24.079803737730575,83.5,419201024.0,8680964096.0
2024-06-09 20:25:03.550683,24.079803737730575,24.079803737730575,24.079803737730575,24.079803737730575,24.079803737730575,24.079803737730575,24.079803737730575,24.079803737730575,,,,,384093388.0,384093388.0,384093388.0,384093388.0,0.0,0.0,0.0,0.0,0.0,0.0,0.0,0.0,0.0,0.0,0.0,0.0,863664552.0,863664552.0,863664552.0,863664552.0,183682760.0,183682760.0,183682760.0,183682760.0,0.0,0.0,0.0,0.0,372238940.0,372238940.0,372238940.0,372238940.0,1.0,92488934.0,384093388.0,24.079803737730575,24.079803737730575,84.0,388382720.0,8433782784.0
2024-06-09 20:25:09.649820,24.079803737730575,24.079803737730575,24.079803737730575,24.079803737730575,24.079803737730575,24.079803737730575,24.079803737730575,24.079803737730575,,,,,384093388.0,384093388.0,384093388.0,384093388.0,0.0,0.0,0.0,0.0,0.0,0.0,0.0,0.0,0.0,0.0,0.0,0.0,868904248.0,868904248.0,868904248.0,868904248.0,183682760.0,183682760.0,183682760.0,183682760.0,0.0,0.0,0.0,0.0,372238940.0,372238940.0,372238940.0,372238940.0,1.0,92488934.0,384093388.0,24.079803737730575,24.079803737730575,86.6,246349824.0,7542222848.0
2024-06-09 20:25:16.647861,24.079803737730575,24.079803737730575,24.079803737730575,24.079803737730575,24.079803737730575,24.079803737730575,24.079803737730575,24.079803737730575,,,,,384093388.0,384093388.0,384093388.0,384093388.0,0.0,0.0,0.0,0.0,0.0,0.0,0.0,0.0,0.0,0.0,0.0,0.0,868904248.0,868904248.0,868904248.0,868904248.0,183682760.0,183682760.0,183682760.0,183682760.0,0.0,0.0,0.0,0.0,372238940.0,372238940.0,372238940.0,372238940.0,1.0,92488934.0,384093388.0,24.079803737730575,24.079803737730575,84.4,238059520.0,8523825152.0
2024-06-09 20:25:23.012948,24.079803737730575,24.079803737730575,24.079803737730575,24.079803737730575,24.079803737730575,24.079803737730575,24.079803737730575,24.079803737730575,,,,,384093388.0,384093388.0,384093388.0,384093388.0,0.0,0.0,0.0,0.0,0.0,0.0,0.0,0.0,0.0,0.0,0.0,0.0,874391760.0,874391760.0,874391760.0,874391760.0,183682760.0,183682760.0,183682760.0,183682760.0,0.0,0.0,0.0,0.0,372238940.0,372238940.0,372238940.0,372238940.0,1.0,92488934.0,384093388.0,24.079803737730575,24.079803737730575,84.0,406470656.0,8836165632.0
2024-06-09 20:25:29.278591,24.079803737730575,24.079803737730575,24.079803737730575,24.079803737730575,24.079803737730575,24.079803737730575,24.079803737730575,24.079803737730575,,,,,384093388.0,384093388.0,384093388.0,384093388.0,0.0,0.0,0.0,0.0,0.0,0.0,0.0,0.0,0.0,0.0,0.0,0.0,874391760.0,874391760.0,874391760.0,874391760.0,183682760.0,183682760.0,183682760.0,183682760.0,0.0,0.0,0.0,0.0,372238940.0,372238940.0,372238940.0,372238940.0,1.0,92488934.0,384093388.0,24.079803737730575,24.079803737730575,84.1,452345856.0,8742039552.0
2024-06-09 20:25:35.588372,24.079803737730575,24.079803737730575,24.079803737730575,24.079803737730575,24.079803737730575,24.079803737730575,24.079803737730575,24.079803737730575,,,,,384093388.0,384093388.0,384093388.0,384093388.0,0.0,0.0,0.0,0.0,0.0,0.0,0.0,0.0,0.0,0.0,0.0,0.0,874391760.0,874391760.0,874391760.0,874391760.0,183682760.0,183682760.0,183682760.0,183682760.0,0.0,0.0,0.0,0.0,372238940.0,372238940.0,372238940.0,372238940.0,1.0,92488934.0,384093388.0,24.079803737730575,24.079803737730575,84.8,436125696.0,8468430848.0
2024-06-09 20:25:41.752180,24.079803737730575,24.079803737730575,24.079803737730575,24.079803737730575,24.079803737730575,24.079803737730575,24.079803737730575,24.079803737730575,,,,,384093388.0,384093388.0,384093388.0,384093388.0,0.0,0.0,0.0,0.0,0.0,0.0,0.0,0.0,0.0,0.0,0.0,0.0,874391760.0,874391760.0,874391760.0,874391760.0,183682760.0,183682760.0,183682760.0,183682760.0,0.0,0.0,0.0,0.0,372238940.0,372238940.0,372238940.0,372238940.0,1.0,92488934.0,384093388.0,24.079803737730575,24.079803737730575,84.6,452165632.0,8458227712.0
2024-06-09 20:25:48.032023,24.079803737730575,24.079803737730575,24.079803737730575,24.079803737730575,24.079803737730575,24.079803737730575,24.079803737730575,24.079803737730575,,,,,384093388.0,384093388.0,384093388.0,384093388.0,0.0,0.0,0.0,0.0,0.0,0.0,0.0,0.0,0.0,0.0,0.0,0.0,874391760.0,874391760.0,874391760.0,874391760.0,183682760.0,183682760.0,183682760.0,183682760.0,0.0,0.0,0.0,0.0,372238940.0,372238940.0,372238940.0,372238940.0,1.0,92488934.0,384093388.0,24.079803737730575,24.079803737730575,84.8,443285504.0,8570572800.0
2024-06-09 20:25:54.176008,24.079803737730575,24.079803737730575,24.079803737730575,24.079803737730575,24.079803737730575,24.079803737730575,24.079803737730575,24.079803737730575,,,,,384093388.0,384093388.0,384093388.0,384093388.0,0.0,0.0,0.0,0.0,0.0,0.0,0.0,0.0,0.0,0.0,0.0,0.0,874391760.0,874391760.0,874391760.0,874391760.0,183682760.0,183682760.0,183682760.0,183682760.0,0.0,0.0,0.0,0.0,372238940.0,372238940.0,372238940.0,372238940.0,1.0,92488934.0,384093388.0,24.079803737730575,24.079803737730575,84.9,309477376.0,8430317568.0
2024-06-09 20:26:00.490784,24.079803737730575,24.079803737730575,24.079803737730575,24.079803737730575,24.079803737730575,24.079803737730575,24.079803737730575,24.079803737730575,,,,,384093388.0,384093388.0,384093388.0,384093388.0,0.0,0.0,0.0,0.0,0.0,0.0,0.0,0.0,0.0,0.0,0.0,0.0,874391760.0,874391760.0,874391760.0,874391760.0,183682760.0,183682760.0,183682760.0,183682760.0,0.0,0.0,0.0,0.0,372238940.0,372238940.0,372238940.0,372238940.0,1.0,92488934.0,384093388.0,24.079803737730575,24.079803737730575,84.8,433045504.0,8530657280.0
2024-06-09 20:26:06.637952,24.079803737730575,24.079803737730575,24.079803737730575,24.079803737730575,24.079803737730575,24.079803737730575,24.079803737730575,24.079803737730575,,,,,384093388.0,384093388.0,384093388.0,384093388.0,0.0,0.0,0.0,0.0,0.0,0.0,0.0,0.0,0.0,0.0,0.0,0.0,874391760.0,874391760.0,874391760.0,874391760.0,183682760.0,183682760.0,183682760.0,183682760.0,0.0,0.0,0.0,0.0,372238940.0,372238940.0,372238940.0,372238940.0,1.0,92488934.0,384093388.0,24.079803737730575,24.079803737730575,85.2,445071360.0,8271638528.0
2024-06-09 20:26:12.931527,24.079803737730575,24.079803737730575,24.079803737730575,24.079803737730575,24.079803737730575,24.079803737730575,24.079803737730575,24.079803737730575,,,,,384093388.0,384093388.0,384093388.0,384093388.0,0.0,0.0,0.0,0.0,0.0,0.0,0.0,0.0,0.0,0.0,0.0,0.0,874391760.0,874391760.0,874391760.0,874391760.0,183682760.0,183682760.0,183682760.0,183682760.0,0.0,0.0,0.0,0.0,372238940.0,372238940.0,372238940.0,372238940.0,1.0,92488934.0,384093388.0,24.079803737730575,24.079803737730575,84.1,438026240.0,8847503360.0
2024-06-09 20:26:19.097506,24.079803737730575,24.079803737730575,24.079803737730575,24.079803737730575,24.079803737730575,24.079803737730575,24.079803737730575,24.079803737730575,,,,,384093388.0,384093388.0,384093388.0,384093388.0,0.0,0.0,0.0,0.0,0.0,0.0,0.0,0.0,0.0,0.0,0.0,0.0,874391760.0,874391760.0,874391760.0,874391760.0,183682760.0,183682760.0,183682760.0,183682760.0,0.0,0.0,0.0,0.0,372238940.0,372238940.0,372238940.0,372238940.0,1.0,92488934.0,384093388.0,24.079803737730575,24.079803737730575,84.1,447496192.0,8877924352.0
2024-06-09 20:26:25.382273,24.079803737730575,24.079803737730575,24.079803737730575,24.079803737730575,24.079803737730575,24.079803737730575,24.079803737730575,24.079803737730575,,,,,384093388.0,384093388.0,384093388.0,384093388.0,0.0,0.0,0.0,0.0,0.0,0.0,0.0,0.0,0.0,0.0,0.0,0.0,874391760.0,874391760.0,874391760.0,874391760.0,183682760.0,183682760.0,183682760.0,183682760.0,0.0,0.0,0.0,0.0,372238940.0,372238940.0,372238940.0,372238940.0,1.0,92488934.0,384093388.0,24.079803737730575,24.079803737730575,84.1,447987712.0,8720031744.0
2024-06-09 20:26:31.527151,24.079803737730575,24.079803737730575,24.079803737730575,24.079803737730575,24.079803737730575,24.079803737730575,24.079803737730575,24.079803737730575,,,,,384093388.0,384093388.0,384093388.0,384093388.0,0.0,0.0,0.0,0.0,0.0,0.0,0.0,0.0,0.0,0.0,0.0,0.0,874391760.0,874391760.0,874391760.0,874391760.0,183682760.0,183682760.0,183682760.0,183682760.0,0.0,0.0,0.0,0.0,372238940.0,372238940.0,372238940.0,372238940.0,1.0,92488934.0,384093388.0,24.079803737730575,24.079803737730575,84.3,448380928.0,8763080704.0
2024-06-09 20:26:37.830042,24.079803737730575,24.079803737730575,24.079803737730575,24.079803737730575,24.079803737730575,24.079803737730575,24.079803737730575,24.079803737730575,,,,,384093388.0,384093388.0,384093388.0,384093388.0,0.0,0.0,0.0,0.0,0.0,0.0,0.0,0.0,0.0,0.0,0.0,0.0,874391760.0,874391760.0,874391760.0,874391760.0,183682760.0,183682760.0,183682760.0,183682760.0,0.0,0.0,0.0,0.0,372238940.0,372238940.0,372238940.0,372238940.0,1.0,92488934.0,384093388.0,24.079803737730575,24.079803737730575,84.4,409010176.0,8521293824.0
2024-06-09 20:26:44.058544,24.079803737730575,24.079803737730575,24.079803737730575,24.079803737730575,24.079803737730575,24.079803737730575,24.079803737730575,24.079803737730575,,,,,384093388.0,384093388.0,384093388.0,384093388.0,0.0,0.0,0.0,0.0,0.0,0.0,0.0,0.0,0.0,0.0,0.0,0.0,874391760.0,874391760.0,874391760.0,874391760.0,183682760.0,183682760.0,183682760.0,183682760.0,0.0,0.0,0.0,0.0,372238940.0,372238940.0,372238940.0,372238940.0,1.0,92488934.0,384093388.0,24.079803737730575,24.079803737730575,84.7,307281920.0,8437145600.0
2024-06-09 20:26:50.519098,24.079803737730575,24.079803737730575,24.079803737730575,24.079803737730575,24.079803737730575,24.079803737730575,24.079803737730575,24.079803737730575,,,,,384093388.0,384093388.0,384093388.0,384093388.0,0.0,0.0,0.0,0.0,0.0,0.0,0.0,0.0,0.0,0.0,0.0,0.0,874391760.0,874391760.0,874391760.0,874391760.0,183682760.0,183682760.0,183682760.0,183682760.0,0.0,0.0,0.0,0.0,372238940.0,372238940.0,372238940.0,372238940.0,1.0,92488934.0,384093388.0,24.079803737730575,24.079803737730575,84.3,444989440.0,8746016768.0
2024-06-09 20:26:56.676023,24.079803737730575,24.079803737730575,24.079803737730575,24.079803737730575,24.079803737730575,24.079803737730575,24.079803737730575,24.079803737730575,,,,,384093388.0,384093388.0,384093388.0,384093388.0,0.0,0.0,0.0,0.0,0.0,0.0,0.0,0.0,0.0,0.0,0.0,0.0,874391760.0,874391760.0,874391760.0,874391760.0,183682760.0,183682760.0,183682760.0,183682760.0,0.0,0.0,0.0,0.0,372238940.0,372238940.0,372238940.0,372238940.0,1.0,92488934.0,384093388.0,24.079803737730575,24.079803737730575,84.3,441696256.0,8567869440.0
2024-06-09 20:27:02.970517,24.079803737730575,24.079803737730575,24.079803737730575,24.079803737730575,24.079803737730575,24.079803737730575,24.079803737730575,24.079803737730575,,,,,384093388.0,384093388.0,384093388.0,384093388.0,0.0,0.0,0.0,0.0,0.0,0.0,0.0,0.0,0.0,0.0,0.0,0.0,874391760.0,874391760.0,874391760.0,874391760.0,183682760.0,183682760.0,183682760.0,183682760.0,0.0,0.0,0.0,0.0,372238940.0,372238940.0,372238940.0,372238940.0,1.0,92488934.0,384093388.0,24.079803737730575,24.079803737730575,84.3,448036864.0,8712245248.0
2024-06-09 20:27:09.145650,24.079803737730575,24.079803737730575,24.079803737730575,24.079803737730575,24.079803737730575,24.079803737730575,24.079803737730575,24.079803737730575,,,,,384093388.0,384093388.0,384093388.0,384093388.0,0.0,0.0,0.0,0.0,0.0,0.0,0.0,0.0,0.0,0.0,0.0,0.0,874391760.0,874391760.0,874391760.0,874391760.0,183682760.0,183682760.0,183682760.0,183682760.0,0.0,0.0,0.0,0.0,372238940.0,372238940.0,372238940.0,372238940.0,1.0,92488934.0,384093388.0,24.079803737730575,24.079803737730575,84.6,446464000.0,8472768512.0
2024-06-09 20:27:15.656036,24.079803737730575,24.079803737730575,24.079803737730575,24.079803737730575,24.079803737730575,24.079803737730575,24.079803737730575,24.079803737730575,,,,,384093388.0,384093388.0,384093388.0,384093388.0,0.0,0.0,0.0,0.0,0.0,0.0,0.0,0.0,0.0,0.0,0.0,0.0,874391760.0,874391760.0,874391760.0,874391760.0,183682760.0,183682760.0,183682760.0,183682760.0,0.0,0.0,0.0,0.0,372238940.0,372238940.0,372238940.0,372238940.0,1.0,92488934.0,384093388.0,24.079803737730575,24.079803737730575,84.1,261308416.0,8806457344.0
2024-06-09 20:27:21.827958,24.079803737730575,24.079803737730575,24.079803737730575,24.079803737730575,24.079803737730575,24.079803737730575,24.079803737730575,24.079803737730575,,,,,384093388.0,384093388.0,384093388.0,384093388.0,0.0,0.0,0.0,0.0,0.0,0.0,0.0,0.0,0.0,0.0,0.0,0.0,874391760.0,874391760.0,874391760.0,874391760.0,183682760.0,183682760.0,183682760.0,183682760.0,0.0,0.0,0.0,0.0,372238940.0,372238940.0,372238940.0,372238940.0,1.0,92488934.0,384093388.0,24.079803737730575,24.079803737730575,84.0,292896768.0,8823603200.0
2024-06-09 20:27:28.153907,24.079803737730575,24.079803737730575,24.079803737730575,24.079803737730575,24.079803737730575,24.079803737730575,24.079803737730575,24.079803737730575,,,,,384093388.0,384093388.0,384093388.0,384093388.0,0.0,0.0,0.0,0.0,0.0,0.0,0.0,0.0,0.0,0.0,0.0,0.0,874391760.0,874391760.0,874391760.0,874391760.0,183682760.0,183682760.0,183682760.0,183682760.0,0.0,0.0,0.0,0.0,372238940.0,372238940.0,372238940.0,372238940.0,1.0,92488934.0,384093388.0,24.079803737730575,24.079803737730575,84.0,449331200.0,8700801024.0
2024-06-09 20:27:34.311837,24.079803737730575,24.079803737730575,24.079803737730575,24.079803737730575,24.079803737730575,24.079803737730575,24.079803737730575,24.079803737730575,,,,,384093388.0,384093388.0,384093388.0,384093388.0,0.0,0.0,0.0,0.0,0.0,0.0,0.0,0.0,0.0,0.0,0.0,0.0,874391760.0,874391760.0,874391760.0,874391760.0,183682760.0,183682760.0,183682760.0,183682760.0,0.0,0.0,0.0,0.0,372238940.0,372238940.0,372238940.0,372238940.0,1.0,92488934.0,384093388.0,24.079803737730575,24.079803737730575,85.0,441352192.0,8243957760.0
2024-06-09 20:27:40.632059,24.079803737730575,24.079803737730575,24.079803737730575,24.079803737730575,24.079803737730575,24.079803737730575,24.079803737730575,24.079803737730575,,,,,384093388.0,384093388.0,384093388.0,384093388.0,0.0,0.0,0.0,0.0,0.0,0.0,0.0,0.0,0.0,0.0,0.0,0.0,874391760.0,874391760.0,874391760.0,874391760.0,183682760.0,183682760.0,183682760.0,183682760.0,0.0,0.0,0.0,0.0,372238940.0,372238940.0,372238940.0,372238940.0,1.0,92488934.0,384093388.0,24.079803737730575,24.079803737730575,84.7,446726144.0,8236445696.0
2024-06-09 20:27:46.793558,24.079803737730575,24.079803737730575,24.079803737730575,24.079803737730575,24.079803737730575,24.079803737730575,24.079803737730575,24.079803737730575,,,,,384093388.0,384093388.0,384093388.0,384093388.0,0.0,0.0,0.0,0.0,0.0,0.0,0.0,0.0,0.0,0.0,0.0,0.0,874391760.0,874391760.0,874391760.0,874391760.0,183682760.0,183682760.0,183682760.0,183682760.0,0.0,0.0,0.0,0.0,372238940.0,372238940.0,372238940.0,372238940.0,1.0,92488934.0,384093388.0,24.079803737730575,24.079803737730575,85.0,448167936.0,8183635968.0
2024-06-09 20:27:53.097078,24.079803737730575,24.079803737730575,24.079803737730575,24.079803737730575,24.079803737730575,24.079803737730575,24.079803737730575,24.079803737730575,,,,,384093388.0,384093388.0,384093388.0,384093388.0,0.0,0.0,0.0,0.0,0.0,0.0,0.0,0.0,0.0,0.0,0.0,0.0,874391760.0,874391760.0,874391760.0,874391760.0,183682760.0,183682760.0,183682760.0,183682760.0,0.0,0.0,0.0,0.0,372238940.0,372238940.0,372238940.0,372238940.0,1.0,92488934.0,384093388.0,24.079803737730575,24.079803737730575,84.9,464158720.0,8382709760.0
2024-06-09 20:27:59.259193,24.079803737730575,24.079803737730575,24.079803737730575,24.079803737730575,24.079803737730575,24.079803737730575,24.079803737730575,24.079803737730575,,,,,384093388.0,384093388.0,384093388.0,384093388.0,0.0,0.0,0.0,0.0,0.0,0.0,0.0,0.0,0.0,0.0,0.0,0.0,874391760.0,874391760.0,874391760.0,874391760.0,183682760.0,183682760.0,183682760.0,183682760.0,0.0,0.0,0.0,0.0,372238940.0,372238940.0,372238940.0,372238940.0,1.0,92488934.0,384093388.0,24.079803737730575,24.079803737730575,84.8,467697664.0,8216014848.0
2024-06-09 20:28:05.563044,24.079803737730575,24.079803737730575,24.079803737730575,24.079803737730575,24.079803737730575,24.079803737730575,24.079803737730575,24.079803737730575,,,,,384093388.0,384093388.0,384093388.0,384093388.0,0.0,0.0,0.0,0.0,0.0,0.0,0.0,0.0,0.0,0.0,0.0,0.0,874391760.0,874391760.0,874391760.0,874391760.0,183682760.0,183682760.0,183682760.0,183682760.0,0.0,0.0,0.0,0.0,372238940.0,372238940.0,372238940.0,372238940.0,1.0,92488934.0,384093388.0,24.079803737730575,24.079803737730575,85.5,436649984.0,8075071488.0
2024-06-09 20:28:11.738091,24.079803737730575,24.079803737730575,24.079803737730575,24.079803737730575,24.079803737730575,24.079803737730575,24.079803737730575,24.079803737730575,,,,,384093388.0,384093388.0,384093388.0,384093388.0,0.0,0.0,0.0,0.0,0.0,0.0,0.0,0.0,0.0,0.0,0.0,0.0,874391760.0,874391760.0,874391760.0,874391760.0,183682760.0,183682760.0,183682760.0,183682760.0,0.0,0.0,0.0,0.0,372238940.0,372238940.0,372238940.0,372238940.0,1.0,92488934.0,384093388.0,24.079803737730575,24.079803737730575,84.3,273317888.0,8660664320.0
2024-06-09 20:28:18.182257,24.079803737730575,24.079803737730575,24.079803737730575,24.079803737730575,24.079803737730575,24.079803737730575,24.079803737730575,24.079803737730575,,,,,384093388.0,384093388.0,384093388.0,384093388.0,0.0,0.0,0.0,0.0,0.0,0.0,0.0,0.0,0.0,0.0,0.0,0.0,874391760.0,874391760.0,874391760.0,874391760.0,183682760.0,183682760.0,183682760.0,183682760.0,0.0,0.0,0.0,0.0,372238940.0,372238940.0,372238940.0,372238940.0,1.0,92488934.0,384093388.0,24.079803737730575,24.079803737730575,84.2,411009024.0,8709918720.0
2024-06-09 20:28:24.376422,24.079803737730575,24.079803737730575,24.079803737730575,24.079803737730575,24.079803737730575,24.079803737730575,24.079803737730575,24.079803737730575,,,,,384093388.0,384093388.0,384093388.0,384093388.0,0.0,0.0,0.0,0.0,0.0,0.0,0.0,0.0,0.0,0.0,0.0,0.0,874391760.0,874391760.0,874391760.0,874391760.0,183682760.0,183682760.0,183682760.0,183682760.0,0.0,0.0,0.0,0.0,372238940.0,372238940.0,372238940.0,372238940.0,1.0,92488934.0,384093388.0,24.079803737730575,24.079803737730575,84.7,434618368.0,8540033024.0
2024-06-09 20:28:30.708655,24.079803737730575,24.079803737730575,24.079803737730575,24.079803737730575,24.079803737730575,24.079803737730575,24.079803737730575,24.079803737730575,,,,,384093388.0,384093388.0,384093388.0,384093388.0,0.0,0.0,0.0,0.0,0.0,0.0,0.0,0.0,0.0,0.0,0.0,0.0,874391760.0,874391760.0,874391760.0,874391760.0,183682760.0,183682760.0,183682760.0,183682760.0,0.0,0.0,0.0,0.0,372238940.0,372238940.0,372238940.0,372238940.0,1.0,92488934.0,384093388.0,24.079803737730575,24.079803737730575,84.5,424919040.0,8321990656.0
2024-06-09 20:28:36.878345,24.079803737730575,24.079803737730575,24.079803737730575,24.079803737730575,24.079803737730575,24.079803737730575,24.079803737730575,24.079803737730575,,,,,384093388.0,384093388.0,384093388.0,384093388.0,0.0,0.0,0.0,0.0,0.0,0.0,0.0,0.0,0.0,0.0,0.0,0.0,874391760.0,874391760.0,874391760.0,874391760.0,183682760.0,183682760.0,183682760.0,183682760.0,0.0,0.0,0.0,0.0,372238940.0,372238940.0,372238940.0,372238940.0,1.0,92488934.0,384093388.0,24.079803737730575,24.079803737730575,85.1,443203584.0,8132644864.0
2024-06-09 20:28:43.144678,24.079803737730575,24.079803737730575,24.079803737730575,24.079803737730575,24.079803737730575,24.079803737730575,24.079803737730575,24.079803737730575,,,,,384093388.0,384093388.0,384093388.0,384093388.0,0.0,0.0,0.0,0.0,0.0,0.0,0.0,0.0,0.0,0.0,0.0,0.0,874391760.0,874391760.0,874391760.0,874391760.0,183682760.0,183682760.0,183682760.0,183682760.0,0.0,0.0,0.0,0.0,372238940.0,372238940.0,372238940.0,372238940.0,1.0,92488934.0,384093388.0,24.079803737730575,24.079803737730575,84.9,439812096.0,8164610048.0
2024-06-09 20:28:49.316678,24.079803737730575,24.079803737730575,24.079803737730575,24.079803737730575,24.079803737730575,24.079803737730575,24.079803737730575,24.079803737730575,,,,,384093388.0,384093388.0,384093388.0,384093388.0,0.0,0.0,0.0,0.0,0.0,0.0,0.0,0.0,0.0,0.0,0.0,0.0,874391760.0,874391760.0,874391760.0,874391760.0,183682760.0,183682760.0,183682760.0,183682760.0,0.0,0.0,0.0,0.0,372238940.0,372238940.0,372238940.0,372238940.0,1.0,92488934.0,384093388.0,24.079803737730575,24.079803737730575,85.0,454361088.0,7926013952.0
2024-06-09 20:28:55.614894,24.079803737730575,24.079803737730575,24.079803737730575,24.079803737730575,24.079803737730575,24.079803737730575,24.079803737730575,24.079803737730575,,,,,384093388.0,384093388.0,384093388.0,384093388.0,0.0,0.0,0.0,0.0,0.0,0.0,0.0,0.0,0.0,0.0,0.0,0.0,874391760.0,874391760.0,874391760.0,874391760.0,183682760.0,183682760.0,183682760.0,183682760.0,0.0,0.0,0.0,0.0,372238940.0,372238940.0,372238940.0,372238940.0,1.0,92488934.0,384093388.0,24.079803737730575,24.079803737730575,84.3,383729664.0,8520691712.0
2024-06-09 20:29:01.765524,24.079803737730575,24.079803737730575,24.079803737730575,24.079803737730575,24.079803737730575,24.079803737730575,24.079803737730575,24.079803737730575,,,,,384093388.0,384093388.0,384093388.0,384093388.0,0.0,0.0,0.0,0.0,0.0,0.0,0.0,0.0,0.0,0.0,0.0,0.0,874391760.0,874391760.0,874391760.0,874391760.0,183682760.0,183682760.0,183682760.0,183682760.0,0.0,0.0,0.0,0.0,372238940.0,372238940.0,372238940.0,372238940.0,1.0,92488934.0,384093388.0,24.079803737730575,24.079803737730575,84.2,394575872.0,8552841216.0
2024-06-09 20:29:08.157020,24.079803737730575,24.079803737730575,24.079803737730575,24.079803737730575,24.079803737730575,24.079803737730575,24.079803737730575,24.079803737730575,,,,,384093388.0,384093388.0,384093388.0,384093388.0,0.0,0.0,0.0,0.0,0.0,0.0,0.0,0.0,0.0,0.0,0.0,0.0,874391760.0,874391760.0,874391760.0,874391760.0,183682760.0,183682760.0,183682760.0,183682760.0,0.0,0.0,0.0,0.0,372238940.0,372238940.0,372238940.0,372238940.0,1.0,92488934.0,384093388.0,24.079803737730575,24.079803737730575,84.7,423723008.0,8342941696.0
2024-06-09 20:29:14.317117,24.079803737730575,24.079803737730575,24.079803737730575,24.079803737730575,24.079803737730575,24.079803737730575,24.079803737730575,24.079803737730575,,,,,384093388.0,384093388.0,384093388.0,384093388.0,0.0,0.0,0.0,0.0,0.0,0.0,0.0,0.0,0.0,0.0,0.0,0.0,874391760.0,874391760.0,874391760.0,874391760.0,183682760.0,183682760.0,183682760.0,183682760.0,0.0,0.0,0.0,0.0,372238940.0,372238940.0,372238940.0,372238940.0,1.0,92488934.0,384093388.0,24.079803737730575,24.079803737730575,84.1,405684224.0,8643833856.0
2024-06-09 20:29:20.617254,24.079803737730575,24.079803737730575,24.079803737730575,24.079803737730575,24.079803737730575,24.079803737730575,24.079803737730575,24.079803737730575,,,,,384093388.0,384093388.0,384093388.0,384093388.0,0.0,0.0,0.0,0.0,0.0,0.0,0.0,0.0,0.0,0.0,0.0,0.0,874391760.0,874391760.0,874391760.0,874391760.0,183682760.0,183682760.0,183682760.0,183682760.0,0.0,0.0,0.0,0.0,372238940.0,372238940.0,372238940.0,372238940.0,1.0,92488934.0,384093388.0,24.079803737730575,24.079803737730575,84.2,422412288.0,8513843200.0
2024-06-09 20:29:26.810017,24.079803737730575,24.079803737730575,24.079803737730575,24.079803737730575,24.079803737730575,24.079803737730575,24.079803737730575,24.079803737730575,,,,,384093388.0,384093388.0,384093388.0,384093388.0,0.0,0.0,0.0,0.0,0.0,0.0,0.0,0.0,0.0,0.0,0.0,0.0,874391760.0,874391760.0,874391760.0,874391760.0,183682760.0,183682760.0,183682760.0,183682760.0,0.0,0.0,0.0,0.0,372238940.0,372238940.0,372238940.0,372238940.0,1.0,92488934.0,384093388.0,24.079803737730575,24.079803737730575,84.5,443809792.0,8414715904.0
2024-06-09 20:29:33.118243,24.079803737730575,24.079803737730575,24.079803737730575,24.079803737730575,24.079803737730575,24.079803737730575,24.079803737730575,24.079803737730575,,,,,384093388.0,384093388.0,384093388.0,384093388.0,0.0,0.0,0.0,0.0,0.0,0.0,0.0,0.0,0.0,0.0,0.0,0.0,874391760.0,874391760.0,874391760.0,874391760.0,183682760.0,183682760.0,183682760.0,183682760.0,0.0,0.0,0.0,0.0,372238940.0,372238940.0,372238940.0,372238940.0,1.0,92488934.0,384093388.0,24.079803737730575,24.079803737730575,84.6,453148672.0,8398413824.0
2024-06-09 20:29:39.384199,24.079803737730575,24.079803737730575,24.079803737730575,24.079803737730575,24.079803737730575,24.079803737730575,24.079803737730575,24.079803737730575,,,,,384093388.0,384093388.0,384093388.0,384093388.0,0.0,0.0,0.0,0.0,0.0,0.0,0.0,0.0,0.0,0.0,0.0,0.0,874391760.0,874391760.0,874391760.0,874391760.0,183682760.0,183682760.0,183682760.0,183682760.0,0.0,0.0,0.0,0.0,372238940.0,372238940.0,372238940.0,372238940.0,1.0,92488934.0,384093388.0,24.079803737730575,24.079803737730575,85.0,445022208.0,8129015808.0
2024-06-09 20:29:45.687514,24.079803737730575,24.079803737730575,24.079803737730575,24.079803737730575,24.079803737730575,24.079803737730575,24.079803737730575,24.079803737730575,,,,,384093388.0,384093388.0,384093388.0,384093388.0,0.0,0.0,0.0,0.0,0.0,0.0,0.0,0.0,0.0,0.0,0.0,0.0,874391760.0,874391760.0,874391760.0,874391760.0,183682760.0,183682760.0,183682760.0,183682760.0,0.0,0.0,0.0,0.0,372238940.0,372238940.0,372238940.0,372238940.0,1.0,92488934.0,384093388.0,24.079803737730575,24.079803737730575,85.0,463585280.0,8123617280.0
2024-06-09 20:29:51.877760,24.079803737730575,24.079803737730575,24.079803737730575,24.079803737730575,24.079803737730575,24.079803737730575,24.079803737730575,24.079803737730575,,,,,384093388.0,384093388.0,384093388.0,384093388.0,0.0,0.0,0.0,0.0,0.0,0.0,0.0,0.0,0.0,0.0,0.0,0.0,874391760.0,874391760.0,874391760.0,874391760.0,183682760.0,183682760.0,183682760.0,183682760.0,0.0,0.0,0.0,0.0,372238940.0,372238940.0,372238940.0,372238940.0,1.0,92488934.0,384093388.0,24.079803737730575,24.079803737730575,85.2,464748544.0,7868293120.0
2024-06-09 20:29:58.146564,24.079803737730575,24.079803737730575,24.079803737730575,24.079803737730575,24.079803737730575,24.079803737730575,24.079803737730575,24.079803737730575,,,,,384093388.0,384093388.0,384093388.0,384093388.0,0.0,0.0,0.0,0.0,0.0,0.0,0.0,0.0,0.0,0.0,0.0,0.0,874391760.0,874391760.0,874391760.0,874391760.0,183682760.0,183682760.0,183682760.0,183682760.0,0.0,0.0,0.0,0.0,372238940.0,372238940.0,372238940.0,372238940.0,1.0,92488934.0,384093388.0,24.079803737730575,24.079803737730575,85.4,466239488.0,7980965888.0
2024-06-09 20:30:04.290850,24.079803737730575,24.079803737730575,24.079803737730575,24.079803737730575,24.079803737730575,24.079803737730575,24.079803737730575,24.079803737730575,,,,,384093388.0,384093388.0,384093388.0,384093388.0,0.0,0.0,0.0,0.0,0.0,0.0,0.0,0.0,0.0,0.0,0.0,0.0,874391760.0,874391760.0,874391760.0,874391760.0,183682760.0,183682760.0,183682760.0,183682760.0,0.0,0.0,0.0,0.0,372238940.0,372238940.0,372238940.0,372238940.0,1.0,92488934.0,384093388.0,24.079803737730575,24.079803737730575,86.0,462258176.0,7838289920.0
2024-06-09 20:30:10.611752,24.079803737730575,24.079803737730575,24.079803737730575,24.079803737730575,24.079803737730575,24.079803737730575,24.079803737730575,24.079803737730575,,,,,384093388.0,384093388.0,384093388.0,384093388.0,0.0,0.0,0.0,0.0,0.0,0.0,0.0,0.0,0.0,0.0,0.0,0.0,874391760.0,874391760.0,874391760.0,874391760.0,183682760.0,183682760.0,183682760.0,183682760.0,0.0,0.0,0.0,0.0,372238940.0,372238940.0,372238940.0,372238940.0,1.0,92488934.0,384093388.0,24.079803737730575,24.079803737730575,84.7,451411968.0,8331931648.0
2024-06-09 20:30:16.805726,24.079803737730575,24.079803737730575,24.079803737730575,24.079803737730575,24.079803737730575,24.079803737730575,24.079803737730575,24.079803737730575,,,,,384093388.0,384093388.0,384093388.0,384093388.0,0.0,0.0,0.0,0.0,0.0,0.0,0.0,0.0,0.0,0.0,0.0,0.0,874391760.0,874391760.0,874391760.0,874391760.0,183682760.0,183682760.0,183682760.0,183682760.0,0.0,0.0,0.0,0.0,372238940.0,372238940.0,372238940.0,372238940.0,1.0,92488934.0,384093388.0,24.079803737730575,24.079803737730575,84.5,464388096.0,8413700096.0
2024-06-09 20:30:23.278197,24.079803737730575,24.079803737730575,24.079803737730575,24.079803737730575,24.079803737730575,24.079803737730575,24.079803737730575,24.079803737730575,,,,,384093388.0,384093388.0,384093388.0,384093388.0,0.0,0.0,0.0,0.0,0.0,0.0,0.0,0.0,0.0,0.0,0.0,0.0,874391760.0,874391760.0,874391760.0,874391760.0,183682760.0,183682760.0,183682760.0,183682760.0,0.0,0.0,0.0,0.0,372238940.0,372238940.0,372238940.0,372238940.0,1.0,92488934.0,384093388.0,24.079803737730575,24.079803737730575,83.5,414695424.0,8615571456.0
2024-06-09 20:30:29.474699,24.079803737730575,24.079803737730575,24.079803737730575,24.079803737730575,24.079803737730575,24.079803737730575,24.079803737730575,24.079803737730575,,,,,384093388.0,384093388.0,384093388.0,384093388.0,0.0,0.0,0.0,0.0,0.0,0.0,0.0,0.0,0.0,0.0,0.0,0.0,874391760.0,874391760.0,874391760.0,874391760.0,183682760.0,183682760.0,183682760.0,183682760.0,0.0,0.0,0.0,0.0,372238940.0,372238940.0,372238940.0,372238940.0,1.0,92488934.0,384093388.0,24.079803737730575,24.079803737730575,84.0,421380096.0,8362778624.0
2024-06-09 20:30:35.779778,24.079803737730575,24.079803737730575,24.079803737730575,24.079803737730575,24.079803737730575,24.079803737730575,24.079803737730575,24.079803737730575,,,,,384093388.0,384093388.0,384093388.0,384093388.0,0.0,0.0,0.0,0.0,0.0,0.0,0.0,0.0,0.0,0.0,0.0,0.0,874391760.0,874391760.0,874391760.0,874391760.0,183682760.0,183682760.0,183682760.0,183682760.0,0.0,0.0,0.0,0.0,372238940.0,372238940.0,372238940.0,372238940.0,1.0,92488934.0,384093388.0,24.079803737730575,24.079803737730575,84.5,420724736.0,8304967680.0
2024-06-09 20:30:41.956373,24.079803737730575,24.079803737730575,24.079803737730575,24.079803737730575,24.079803737730575,24.079803737730575,24.079803737730575,24.079803737730575,,,,,384093388.0,384093388.0,384093388.0,384093388.0,0.0,0.0,0.0,0.0,0.0,0.0,0.0,0.0,0.0,0.0,0.0,0.0,874391760.0,874391760.0,874391760.0,874391760.0,183682760.0,183682760.0,183682760.0,183682760.0,0.0,0.0,0.0,0.0,372238940.0,372238940.0,372238940.0,372238940.0,1.0,92488934.0,384093388.0,24.079803737730575,24.079803737730575,85.0,394838016.0,7925362688.0
2024-06-09 20:30:48.268522,24.079803737730575,24.079803737730575,24.079803737730575,24.079803737730575,24.079803737730575,24.079803737730575,24.079803737730575,24.079803737730575,,,,,384093388.0,384093388.0,384093388.0,384093388.0,0.0,0.0,0.0,0.0,0.0,0.0,0.0,0.0,0.0,0.0,0.0,0.0,874391760.0,874391760.0,874391760.0,874391760.0,183682760.0,183682760.0,183682760.0,183682760.0,0.0,0.0,0.0,0.0,372238940.0,372238940.0,372238940.0,372238940.0,1.0,92488934.0,384093388.0,24.079803737730575,24.079803737730575,82.1,451248128.0,8001855488.0
2024-06-09 20:30:54.426974,24.079803737730575,24.079803737730575,24.079803737730575,24.079803737730575,24.079803737730575,24.079803737730575,24.079803737730575,24.079803737730575,,,,,384093388.0,384093388.0,384093388.0,384093388.0,0.0,0.0,0.0,0.0,0.0,0.0,0.0,0.0,0.0,0.0,0.0,0.0,874391760.0,874391760.0,874391760.0,874391760.0,183682760.0,183682760.0,183682760.0,183682760.0,0.0,0.0,0.0,0.0,372238940.0,372238940.0,372238940.0,372238940.0,1.0,92488934.0,384093388.0,24.079803737730575,24.079803737730575,82.2,455180288.0,8068685824.0
2024-06-09 20:31:00.714635,24.079803737730575,24.079803737730575,24.079803737730575,24.079803737730575,24.079803737730575,24.079803737730575,24.079803737730575,24.079803737730575,,,,,384093388.0,384093388.0,384093388.0,384093388.0,0.0,0.0,0.0,0.0,0.0,0.0,0.0,0.0,0.0,0.0,0.0,0.0,874391760.0,874391760.0,874391760.0,874391760.0,183682760.0,183682760.0,183682760.0,183682760.0,0.0,0.0,0.0,0.0,372238940.0,372238940.0,372238940.0,372238940.0,1.0,92488934.0,384093388.0,24.079803737730575,24.079803737730575,82.7,455458816.0,8540827648.0
2024-06-09 20:31:06.890478,24.079803737730575,24.079803737730575,24.079803737730575,24.079803737730575,24.079803737730575,24.079803737730575,24.079803737730575,24.079803737730575,,,,,384093388.0,384093388.0,384093388.0,384093388.0,0.0,0.0,0.0,0.0,0.0,0.0,0.0,0.0,0.0,0.0,0.0,0.0,874391760.0,874391760.0,874391760.0,874391760.0,183682760.0,183682760.0,183682760.0,183682760.0,0.0,0.0,0.0,0.0,372238940.0,372238940.0,372238940.0,372238940.0,1.0,92488934.0,384093388.0,24.079803737730575,24.079803737730575,82.2,457375744.0,8597995520.0
2024-06-09 20:31:13.261568,24.079803737730575,24.079803737730575,24.079803737730575,24.079803737730575,24.079803737730575,24.079803737730575,24.079803737730575,24.079803737730575,,,,,384093388.0,384093388.0,384093388.0,384093388.0,0.0,0.0,0.0,0.0,0.0,0.0,0.0,0.0,0.0,0.0,0.0,0.0,874391760.0,874391760.0,874391760.0,874391760.0,183682760.0,183682760.0,183682760.0,183682760.0,0.0,0.0,0.0,0.0,372238940.0,372238940.0,372238940.0,372238940.0,1.0,92488934.0,384093388.0,24.079803737730575,24.079803737730575,81.3,446889984.0,9087496192.0
2024-06-09 20:31:19.411983,24.079803737730575,24.079803737730575,24.079803737730575,24.079803737730575,24.079803737730575,24.079803737730575,24.079803737730575,24.079803737730575,,,,,384093388.0,384093388.0,384093388.0,384093388.0,0.0,0.0,0.0,0.0,0.0,0.0,0.0,0.0,0.0,0.0,0.0,0.0,874391760.0,874391760.0,874391760.0,874391760.0,183682760.0,183682760.0,183682760.0,183682760.0,0.0,0.0,0.0,0.0,372238940.0,372238940.0,372238940.0,372238940.0,1.0,92488934.0,384093388.0,24.079803737730575,24.079803737730575,81.4,456556544.0,9058197504.0
2024-06-09 20:31:25.704109,24.079803737730575,24.079803737730575,24.079803737730575,24.079803737730575,24.079803737730575,24.079803737730575,24.079803737730575,24.079803737730575,,,,,384093388.0,384093388.0,384093388.0,384093388.0,0.0,0.0,0.0,0.0,0.0,0.0,0.0,0.0,0.0,0.0,0.0,0.0,874391760.0,874391760.0,874391760.0,874391760.0,183682760.0,183682760.0,183682760.0,183682760.0,0.0,0.0,0.0,0.0,372238940.0,372238940.0,372238940.0,372238940.0,1.0,92488934.0,384093388.0,24.079803737730575,24.079803737730575,81.6,461881344.0,8822300672.0
2024-06-09 20:31:32.055101,24.079803737730575,24.079803737730575,24.079803737730575,24.079803737730575,24.079803737730575,24.079803737730575,24.079803737730575,24.079803737730575,,,,,384093388.0,384093388.0,384093388.0,384093388.0,0.0,0.0,0.0,0.0,0.0,0.0,0.0,0.0,0.0,0.0,0.0,0.0,874391760.0,874391760.0,874391760.0,874391760.0,183682760.0,183682760.0,183682760.0,183682760.0,0.0,0.0,0.0,0.0,372238940.0,372238940.0,372238940.0,372238940.0,1.0,92488934.0,384093388.0,24.079803737730575,24.079803737730575,81.6,462422016.0,8762404864.0
2024-06-09 20:31:38.283455,24.079803737730575,24.079803737730575,24.079803737730575,24.079803737730575,24.079803737730575,24.079803737730575,24.079803737730575,24.079803737730575,,,,,384093388.0,384093388.0,384093388.0,384093388.0,0.0,0.0,0.0,0.0,0.0,0.0,0.0,0.0,0.0,0.0,0.0,0.0,874391760.0,874391760.0,874391760.0,874391760.0,183682760.0,183682760.0,183682760.0,183682760.0,0.0,0.0,0.0,0.0,372238940.0,372238940.0,372238940.0,372238940.0,1.0,92488934.0,384093388.0,24.079803737730575,24.079803737730575,81.5,442515456.0,8889974784.0
2024-06-09 20:31:44.557335,24.079803737730575,24.079803737730575,24.079803737730575,24.079803737730575,24.079803737730575,24.079803737730575,24.079803737730575,24.079803737730575,,,,,384093388.0,384093388.0,384093388.0,384093388.0,0.0,0.0,0.0,0.0,0.0,0.0,0.0,0.0,0.0,0.0,0.0,0.0,874391760.0,874391760.0,874391760.0,874391760.0,183682760.0,183682760.0,183682760.0,183682760.0,0.0,0.0,0.0,0.0,372238940.0,372238940.0,372238940.0,372238940.0,1.0,92488934.0,384093388.0,24.079803737730575,24.079803737730575,81.5,456556544.0,8822734848.0
2024-06-09 20:31:50.717261,24.079803737730575,24.079803737730575,24.079803737730575,24.079803737730575,24.079803737730575,24.079803737730575,24.079803737730575,24.079803737730575,,,,,384093388.0,384093388.0,384093388.0,384093388.0,0.0,0.0,0.0,0.0,0.0,0.0,0.0,0.0,0.0,0.0,0.0,0.0,874391760.0,874391760.0,874391760.0,874391760.0,183682760.0,183682760.0,183682760.0,183682760.0,0.0,0.0,0.0,0.0,372238940.0,372238940.0,372238940.0,372238940.0,1.0,92488934.0,384093388.0,24.079803737730575,24.079803737730575,81.7,458964992.0,8928641024.0
2024-06-09 20:31:56.992828,24.079803737730575,24.079803737730575,24.079803737730575,24.079803737730575,24.079803737730575,24.079803737730575,24.079803737730575,24.079803737730575,,,,,384093388.0,384093388.0,384093388.0,384093388.0,0.0,0.0,0.0,0.0,0.0,0.0,0.0,0.0,0.0,0.0,0.0,0.0,874391760.0,874391760.0,874391760.0,874391760.0,183682760.0,183682760.0,183682760.0,183682760.0,0.0,0.0,0.0,0.0,372238940.0,372238940.0,372238940.0,372238940.0,1.0,92488934.0,384093388.0,24.079803737730575,24.079803737730575,81.6,460570624.0,8971395072.0
2024-06-09 20:32:03.176149,24.079803737730575,24.079803737730575,24.079803737730575,24.079803737730575,24.079803737730575,24.079803737730575,24.079803737730575,24.079803737730575,,,,,384093388.0,384093388.0,384093388.0,384093388.0,0.0,0.0,0.0,0.0,0.0,0.0,0.0,0.0,0.0,0.0,0.0,0.0,874391760.0,874391760.0,874391760.0,874391760.0,183682760.0,183682760.0,183682760.0,183682760.0,0.0,0.0,0.0,0.0,372238940.0,372238940.0,372238940.0,372238940.0,1.0,92488934.0,384093388.0,24.079803737730575,24.079803737730575,82.2,460898304.0,8765911040.0
2024-06-09 20:32:09.456637,24.079803737730575,24.079803737730575,24.079803737730575,24.079803737730575,24.079803737730575,24.079803737730575,24.079803737730575,24.079803737730575,,,,,384093388.0,384093388.0,384093388.0,384093388.0,0.0,0.0,0.0,0.0,0.0,0.0,0.0,0.0,0.0,0.0,0.0,0.0,874391760.0,874391760.0,874391760.0,874391760.0,183682760.0,183682760.0,183682760.0,183682760.0,0.0,0.0,0.0,0.0,372238940.0,372238940.0,372238940.0,372238940.0,1.0,92488934.0,384093388.0,24.079803737730575,24.079803737730575,82.0,461897728.0,8764252160.0
2024-06-09 20:32:15.688697,24.079803737730575,24.079803737730575,24.079803737730575,24.079803737730575,24.079803737730575,24.079803737730575,24.079803737730575,24.079803737730575,,,,,384093388.0,384093388.0,384093388.0,384093388.0,0.0,0.0,0.0,0.0,0.0,0.0,0.0,0.0,0.0,0.0,0.0,0.0,874391760.0,874391760.0,874391760.0,874391760.0,183682760.0,183682760.0,183682760.0,183682760.0,0.0,0.0,0.0,0.0,372238940.0,372238940.0,372238940.0,372238940.0,1.0,92488934.0,384093388.0,24.079803737730575,24.079803737730575,81.6,421527552.0,8744943616.0
2024-06-09 20:32:21.992255,24.079803737730575,24.079803737730575,24.079803737730575,24.079803737730575,24.079803737730575,24.079803737730575,24.079803737730575,24.079803737730575,,,,,384093388.0,384093388.0,384093388.0,384093388.0,0.0,0.0,0.0,0.0,0.0,0.0,0.0,0.0,0.0,0.0,0.0,0.0,874391760.0,874391760.0,874391760.0,874391760.0,183682760.0,183682760.0,183682760.0,183682760.0,0.0,0.0,0.0,0.0,372238940.0,372238940.0,372238940.0,372238940.0,1.0,92488934.0,384093388.0,24.079803737730575,24.079803737730575,81.7,466321408.0,8811122688.0
